Date,City,Predicted_NO2
2022-01-01,Greater Noida,15.098620497294576
2022-01-02,Greater Noida,16.663250946764506
2022-01-03,Greater Noida,16.740690215715446
2022-01-04,Greater Noida,17.047366137663168
2022-01-05,Greater Noida,17.03227943361317
2022-01-06,Greater Noida,16.890841214242275
2022-01-07,Greater Noida,14.097925039149297
2022-01-08,Greater Noida,14.94929436205407
2022-01-09,Greater Noida,14.2360114265725
2022-01-10,Greater Noida,14.641128659503945
2022-01-11,Greater Noida,14.201551093830844
2022-01-12,Greater Noida,14.56482031959717
2022-01-13,Greater Noida,15.29906626313011
2022-01-14,Greater Noida,14.445746974366307
2022-01-15,Greater Noida,15.449734625258957
2022-01-16,Greater Noida,14.948995343704077
2022-01-17,Greater Noida,15.37054614966221
2022-01-18,Greater Noida,16.69483214517362
2022-01-19,Greater Noida,17.228235109269928
2022-01-20,Greater Noida,17.068969413744256
2022-01-21,Greater Noida,15.727947741316799
2022-01-22,Greater Noida,15.787517891629111
2022-01-23,Greater Noida,16.113726364191024
2022-01-24,Greater Noida,16.25551197426906
2022-01-25,Greater Noida,16.16981253298077
2022-01-26,Greater Noida,16.320470298474262
2022-01-27,Greater Noida,15.724703750857703
2022-01-28,Greater Noida,17.046144993230474
2022-01-29,Greater Noida,16.468562675218426
2022-01-30,Greater Noida,16.522642170225694
2022-01-31,Greater Noida,17.202387578822112
2022-02-01,Greater Noida,17.556365707070583
2022-02-02,Greater Noida,16.957979338404407
2022-02-03,Greater Noida,18.0297623968513
2022-02-04,Greater Noida,17.19419481181286
2022-02-05,Greater Noida,17.751421382599275
2022-02-06,Greater Noida,18.05084240829117
2022-02-07,Greater Noida,18.720922508351492
2022-02-08,Greater Noida,18.30762313234509
2022-02-09,Greater Noida,18.880225019133924
2022-02-10,Greater Noida,18.699817497547063
2022-02-11,Greater Noida,18.93140919542192
2022-02-12,Greater Noida,19.549484607070696
2022-02-13,Greater Noida,19.11154939471528
2022-02-14,Greater Noida,19.01984290713231
2022-02-15,Greater Noida,19.15908155546047
2022-02-16,Greater Noida,19.522125027629713
2022-02-17,Greater Noida,20.418332711182952
2022-02-18,Greater Noida,19.747384454409676
2022-02-19,Greater Noida,19.566508801027467
2022-02-20,Greater Noida,20.59980216636739
2022-02-21,Greater Noida,19.95177613480976
2022-02-22,Greater Noida,21.12320176881768
2022-02-23,Greater Noida,21.398920148940945
2022-02-24,Greater Noida,20.672682915257756
2022-02-25,Greater Noida,21.663458647682226
2022-02-26,Greater Noida,22.149332119795094
2022-02-27,Greater Noida,22.25415273612009
2022-02-28,Greater Noida,22.062771581184244
2022-03-01,Greater Noida,19.561941942704856
2022-03-02,Greater Noida,21.46675855213704
2022-03-03,Greater Noida,21.976962166337486
2022-03-04,Greater Noida,22.859277738042575
2022-03-05,Greater Noida,22.33215673169002
2022-03-06,Greater Noida,22.702784986909457
2022-03-07,Greater Noida,21.155680437888783
2022-03-08,Greater Noida,21.780510847842677
2022-03-09,Greater Noida,23.473131316120575
2022-03-10,Greater Noida,24.289891913790896
2022-03-11,Greater Noida,24.468141353264254
2022-03-12,Greater Noida,25.06900614964804
2022-03-13,Greater Noida,25.631645493569163
2022-03-14,Greater Noida,25.649913885382247
2022-03-15,Greater Noida,26.42999060860861
2022-03-16,Greater Noida,25.804756339646705
2022-03-17,Greater Noida,27.001203123768597
2022-03-18,Greater Noida,26.66282554581721
2022-03-19,Greater Noida,27.080977647682843
2022-03-20,Greater Noida,27.47959957315855
2022-03-21,Greater Noida,28.00732045540799
2022-03-22,Greater Noida,28.093833349429403
2022-03-23,Greater Noida,28.22968314745869
2022-03-24,Greater Noida,28.658596560545625
2022-03-25,Greater Noida,28.665978294089665
2022-03-26,Greater Noida,27.580771372467574
2022-03-27,Greater Noida,28.60731709507878
2022-03-28,Greater Noida,27.581427207052876
2022-03-29,Greater Noida,29.125458831180207
2022-03-30,Greater Noida,28.86309184422355
2022-03-31,Greater Noida,28.578316491390815
2022-04-01,Greater Noida,28.524438629879747
2022-04-02,Greater Noida,29.159004549420924
2022-04-03,Greater Noida,28.268296153690606
2022-04-04,Greater Noida,28.944804772547286
2022-04-05,Greater Noida,28.606794921640326
2022-04-06,Greater Noida,29.29472068630352
2022-04-07,Greater Noida,28.455943433575822
2022-04-08,Greater Noida,28.85039212859276
2022-04-09,Greater Noida,29.329168776175564
2022-04-10,Greater Noida,28.953999563452975
2022-04-11,Greater Noida,29.226213018851155
2022-04-12,Greater Noida,29.013437787047337
2022-04-13,Greater Noida,29.313114425164354
2022-04-14,Greater Noida,28.601506038899856
2022-04-15,Greater Noida,28.935359287545943
2022-04-16,Greater Noida,28.86840151221133
2022-04-17,Greater Noida,29.229981108820226
2022-04-18,Greater Noida,28.589595819001104
2022-04-19,Greater Noida,28.5559081255147
2022-04-20,Greater Noida,28.91424596264252
2022-04-21,Greater Noida,24.633821862685785
2022-04-22,Greater Noida,18.69777869874136
2022-04-23,Greater Noida,18.760713532961898
2022-04-24,Greater Noida,19.567235951372055
2022-04-25,Greater Noida,19.66966953525794
2022-04-26,Greater Noida,21.94821098561803
2022-04-27,Greater Noida,26.198506994020136
2022-04-28,Greater Noida,29.09711406207743
2022-04-29,Greater Noida,29.051775156886844
2022-04-30,Greater Noida,28.67828534037913
2022-05-01,Greater Noida,29.020949024688647
2022-05-02,Greater Noida,28.60771807851899
2022-05-03,Greater Noida,29.224011449197697
2022-05-04,Greater Noida,28.85919840720666
2022-05-05,Greater Noida,28.255847132155374
2022-05-06,Greater Noida,28.58258596955097
2022-05-07,Greater Noida,28.463964373507164
2022-05-08,Greater Noida,28.442846891554247
2022-05-09,Greater Noida,28.248331737464632
2022-05-10,Greater Noida,28.173862724488707
2022-05-11,Greater Noida,27.917833124198946
2022-05-12,Greater Noida,27.677214511483527
2022-05-13,Greater Noida,27.543436779010452
2022-05-14,Greater Noida,27.460165644470077
2022-05-15,Greater Noida,27.27134867066007
2022-05-16,Greater Noida,27.17279605264261
2022-05-17,Greater Noida,27.04588619437394
2022-05-18,Greater Noida,26.868202415879047
2022-05-19,Greater Noida,26.70878287214778
2022-05-20,Greater Noida,26.557263078349614
2022-05-21,Greater Noida,25.735325515315647
2022-05-22,Greater Noida,26.255389027628613
2022-05-23,Greater Noida,25.678456588419067
2022-05-24,Greater Noida,25.707716200301665
2022-05-25,Greater Noida,25.503099726625482
2022-05-26,Greater Noida,25.203301898510176
2022-05-27,Greater Noida,25.049969047350306
2022-05-28,Greater Noida,24.959441526313704
2022-05-29,Greater Noida,24.77709975736682
2022-05-30,Greater Noida,24.578310968067534
2022-05-31,Greater Noida,24.456318108445366
2022-06-01,Greater Noida,24.353621359315515
2022-06-02,Greater Noida,24.43831703892579
2022-06-03,Greater Noida,25.529130050175453
2022-06-04,Greater Noida,25.465284530224576
2022-06-05,Greater Noida,25.048022328841896
2022-06-06,Greater Noida,24.42044547350345
2022-06-07,Greater Noida,24.07324498874022
2022-06-08,Greater Noida,24.041386980813442
2022-06-09,Greater Noida,24.166487938769873
2022-06-10,Greater Noida,23.97883650183522
2022-06-11,Greater Noida,24.1824169427333
2022-06-12,Greater Noida,24.42394208412952
2022-06-13,Greater Noida,24.65899202066263
2022-06-14,Greater Noida,24.36721928952815
2022-06-15,Greater Noida,24.313475089163845
2022-06-16,Greater Noida,23.846115587387608
2022-06-17,Greater Noida,23.84842587589099
2022-06-18,Greater Noida,23.91227139584183
2022-06-19,Greater Noida,23.60471163598964
2022-06-20,Greater Noida,23.183309460544034
2022-06-21,Greater Noida,23.528939267942167
2022-06-22,Greater Noida,23.670758725593977
2022-06-23,Greater Noida,23.63617281752572
2022-06-24,Greater Noida,23.647565021035412
2022-06-25,Greater Noida,23.078269166514996
2022-06-26,Greater Noida,22.988389165964673
2022-06-27,Greater Noida,22.671367292913363
2022-06-28,Greater Noida,22.750364792244028
2022-06-29,Greater Noida,22.90798790681151
2022-06-30,Greater Noida,22.696511873029873
2022-07-01,Greater Noida,22.542903385477548
2022-07-02,Greater Noida,23.05236834706229
2022-07-03,Greater Noida,23.282756136093862
2022-07-04,Greater Noida,23.197667787142368
2022-07-05,Greater Noida,23.21851794680179
2022-07-06,Greater Noida,23.340899318715707
2022-07-07,Greater Noida,22.98178861405377
2022-07-08,Greater Noida,23.02426180090668
2022-07-09,Greater Noida,22.952666820367355
2022-07-10,Greater Noida,22.853191045471164
2022-07-11,Greater Noida,22.620346835641044
2022-07-12,Greater Noida,23.20323646332468
2022-07-13,Greater Noida,23.024132296809388
2022-07-14,Greater Noida,23.284306028211585
2022-07-15,Greater Noida,22.68470205788201
2022-07-16,Greater Noida,23.10287078794556
2022-07-17,Greater Noida,22.993439825757957
2022-07-18,Greater Noida,22.852927880227174
2022-07-19,Greater Noida,22.84748870814211
2022-07-20,Greater Noida,22.74686402456845
2022-07-21,Greater Noida,22.742978901650574
2022-07-22,Greater Noida,23.30580370835728
2022-07-23,Greater Noida,23.31732957301374
2022-07-24,Greater Noida,22.946300334354074
2022-07-25,Greater Noida,22.577213657153415
2022-07-26,Greater Noida,23.005483706803457
2022-07-27,Greater Noida,23.33973378184031
2022-07-28,Greater Noida,23.36395104802857
2022-07-29,Greater Noida,23.831849351441257
2022-07-30,Greater Noida,23.553156534130416
2022-07-31,Greater Noida,23.44851722354161
2022-08-01,Greater Noida,23.73912441780069
2022-08-02,Greater Noida,24.19835426079565
2022-08-03,Greater Noida,24.187860271867827
2022-08-04,Greater Noida,24.467973477199084
2022-08-05,Greater Noida,24.11481580396178
2022-08-06,Greater Noida,24.092023082843397
2022-08-07,Greater Noida,23.977411956765298
2022-08-08,Greater Noida,24.03620681692287
2022-08-09,Greater Noida,24.08917399270366
2022-08-10,Greater Noida,24.05861102574946
2022-08-11,Greater Noida,24.110412664654827
2022-08-12,Greater Noida,24.0584815216522
2022-08-13,Greater Noida,24.075964574782773
2022-08-14,Greater Noida,24.114945308059045
2022-08-15,Greater Noida,24.044883591439532
2022-08-16,Greater Noida,24.02455144816919
2022-08-17,Greater Noida,24.07000738630863
2022-08-18,Greater Noida,23.975987411695424
2022-08-19,Greater Noida,23.946460477519373
2022-08-20,Greater Noida,23.529866581870362
2022-08-21,Greater Noida,23.865395069681934
2022-08-22,Greater Noida,23.716603176025224
2022-08-23,Greater Noida,23.68047984698771
2022-08-24,Greater Noida,22.318167413617772
2022-08-25,Greater Noida,18.2776632501694
2022-08-26,Greater Noida,18.146483913740525
2022-08-27,Greater Noida,18.1880505719126
2022-08-28,Greater Noida,19.66624007298695
2022-08-29,Greater Noida,19.447010421567366
2022-08-30,Greater Noida,23.621041623393292
2022-08-31,Greater Noida,24.028440728136555
2022-09-01,Greater Noida,23.994376993506823
2022-09-02,Greater Noida,23.97080724780485
2022-09-03,Greater Noida,23.767753137394802
2022-09-04,Greater Noida,23.81436629831067
2022-09-05,Greater Noida,24.006291370455052
2022-09-06,Greater Noida,24.066899287974348
2022-09-07,Greater Noida,23.974567023674993
2022-09-08,Greater Noida,24.008367593060747
2022-09-09,Greater Noida,24.04708931814248
2022-09-10,Greater Noida,24.05679796838777
2022-09-11,Greater Noida,23.90981913209276
2022-09-12,Greater Noida,23.648091351523426
2022-09-13,Greater Noida,23.597977422931958
2022-09-14,Greater Noida,23.789384478687257
2022-09-15,Greater Noida,23.703264254007102
2022-09-16,Greater Noida,23.59796910883304
2022-09-17,Greater Noida,23.374440879906924
2022-09-18,Greater Noida,23.922506376575097
2022-09-19,Greater Noida,23.929758606021846
2022-09-20,Greater Noida,24.038926402965416
2022-09-21,Greater Noida,24.041775493105195
2022-09-22,Greater Noida,23.957079813494957
2022-09-23,Greater Noida,23.931049489945018
2022-09-24,Greater Noida,23.15829854157429
2022-09-25,Greater Noida,23.860469756936467
2022-09-26,Greater Noida,23.91356643681442
2022-09-27,Greater Noida,23.959928903634736
2022-09-28,Greater Noida,24.072208955962104
2022-09-29,Greater Noida,24.024810456363717
2022-09-30,Greater Noida,24.06638127158531
2022-10-01,Greater Noida,23.989196829616294
2022-10-02,Greater Noida,24.035041280047544
2022-10-03,Greater Noida,23.987901788643658
2022-10-04,Greater Noida,23.83988691957052
2022-10-05,Greater Noida,23.676465219972545
2022-10-06,Greater Noida,23.7333175186712
2022-10-07,Greater Noida,23.608605073006515
2022-10-08,Greater Noida,23.531416473988045
2022-10-09,Greater Noida,23.376262251367542
2022-10-10,Greater Noida,23.93881973578085
2022-10-11,Greater Noida,23.957338821689497
2022-10-12,Greater Noida,15.467974904740451
2022-10-13,Greater Noida,16.283745502420594
2022-10-14,Greater Noida,14.08818666270379
2022-10-15,Greater Noida,16.989548767512392
2022-10-16,Greater Noida,14.27451345369888
2022-10-17,Greater Noida,15.473666838606722
2022-10-18,Greater Noida,14.846821582762152
2022-10-19,Greater Noida,14.767652649013995
2022-10-20,Greater Noida,14.905455033336342
2022-10-21,Greater Noida,13.61242971459316
2022-10-22,Greater Noida,14.762399298725592
2022-10-23,Greater Noida,14.749688767979128
2022-10-24,Greater Noida,16.29857836375572
2022-10-25,Greater Noida,18.722631309556288
2022-10-26,Greater Noida,16.968096324008748
2022-10-27,Greater Noida,16.304696355727472
2022-10-28,Greater Noida,18.426333864788322
2022-10-29,Greater Noida,15.253302827789277
2022-10-30,Greater Noida,16.16713598915706
2022-10-31,Greater Noida,15.641846773928714
2022-11-01,Greater Noida,17.740062233913065
2022-11-02,Greater Noida,16.43600777610948
2022-11-03,Greater Noida,15.737588421333362
2022-11-04,Greater Noida,17.108777803158276
2022-11-05,Greater Noida,15.963162814996238
2022-11-06,Greater Noida,16.411816809555575
2022-11-07,Greater Noida,16.440644421606397
2022-11-08,Greater Noida,17.599365224411503
2022-11-09,Greater Noida,18.403866420381743
2022-11-10,Greater Noida,15.221811973901083
2022-11-11,Greater Noida,16.588127844619432
2022-11-12,Greater Noida,16.805850132938666
2022-11-13,Greater Noida,18.142047507683024
2022-11-14,Greater Noida,15.619377081351285
2022-11-15,Greater Noida,17.834004904882804
2022-11-16,Greater Noida,19.031662953424256
2022-11-17,Greater Noida,19.464966076147117
2022-11-18,Greater Noida,16.75080897455652
2022-11-19,Greater Noida,17.28079634516498
2022-11-20,Greater Noida,18.277379612282395
2022-11-21,Greater Noida,17.810479615598144
2022-11-22,Greater Noida,18.174931004639408
2022-11-23,Greater Noida,17.012947011187656
2022-11-24,Greater Noida,17.131290095271236
2022-11-25,Greater Noida,17.01161359824712
2022-11-26,Greater Noida,18.261009971429186
2022-11-27,Greater Noida,15.7869771269801
2022-11-28,Greater Noida,17.55391344332152
2022-11-29,Greater Noida,17.614550460187132
2022-11-30,Greater Noida,17.41468534909664
2022-12-01,Greater Noida,17.09522144344038
2022-12-02,Greater Noida,17.51895149410987
2022-12-03,Greater Noida,16.628908205586384
2022-12-04,Greater Noida,17.719975109458538
2022-12-05,Greater Noida,18.776749328375306
2022-12-06,Greater Noida,17.858079247657518
2022-12-07,Greater Noida,17.486568124572393
2022-12-08,Greater Noida,17.90920426673022
2022-12-09,Greater Noida,17.750164921191804
2022-12-10,Greater Noida,17.883593471863595
2022-12-11,Greater Noida,17.883078008083196
2022-12-12,Greater Noida,16.69912117007314
2022-12-13,Greater Noida,16.19252096830348
2022-12-14,Greater Noida,15.384986177930388
2022-12-15,Greater Noida,17.52922996238316
2022-12-16,Greater Noida,15.384789202518887
2022-12-17,Greater Noida,17.017878398027815
2022-12-18,Greater Noida,18.057739381841976
2022-12-19,Greater Noida,18.741258808671358
2022-12-20,Greater Noida,14.899990135152043
2022-12-21,Greater Noida,17.99124877978008
2022-12-22,Greater Noida,17.43506097990696
2022-12-23,Greater Noida,16.340934580812508
2022-12-24,Greater Noida,18.229521930551112
2022-12-25,Greater Noida,15.650163883058982
2022-12-26,Greater Noida,15.988126089376523
2022-12-27,Greater Noida,15.906460805642217
2022-12-28,Greater Noida,17.57108025844221
2022-12-29,Greater Noida,17.449191960620485
2022-12-30,Greater Noida,17.587168824371794
2022-12-31,Greater Noida,19.55130597853133
2023-01-01,Greater Noida,17.58387653437883
2023-01-02,Greater Noida,15.07237264116542
2023-01-03,Greater Noida,15.903814952330405
2023-01-04,Greater Noida,13.893270095160466
2023-01-05,Greater Noida,15.180113635143579
2023-01-06,Greater Noida,13.839484020066925
2023-01-07,Greater Noida,15.239195244227103
2023-01-08,Greater Noida,13.689769399940753
2023-01-09,Greater Noida,15.514051480682104
2023-01-10,Greater Noida,15.551306857320427
2023-01-11,Greater Noida,15.362236088771608
2023-01-12,Greater Noida,14.868398355846859
2023-01-13,Greater Noida,15.200279275852145
2023-01-14,Greater Noida,14.654228344013838
2023-01-15,Greater Noida,15.088029773893805
2023-01-16,Greater Noida,15.961558711759869
2023-01-17,Greater Noida,16.918738877376022
2023-01-18,Greater Noida,15.331994737654108
2023-01-19,Greater Noida,14.197883463679025
2023-01-20,Greater Noida,15.021361429042024
2023-01-21,Greater Noida,16.826158348041755
2023-01-22,Greater Noida,14.305752614584899
2023-01-23,Greater Noida,16.213354263500822
2023-01-24,Greater Noida,16.059821054701388
2023-01-25,Greater Noida,14.377036773417267
2023-01-26,Greater Noida,15.376563106436622
2023-01-27,Greater Noida,16.363850865263263
2023-01-28,Greater Noida,14.673012650639807
2023-01-29,Greater Noida,14.656591008861078
2023-01-30,Greater Noida,14.444304776422564
2023-01-31,Greater Noida,14.142186788939888
2023-02-01,Greater Noida,14.42286256861049
2023-02-02,Greater Noida,13.811155528579802
2023-02-03,Greater Noida,14.626625592103487
2023-02-04,Greater Noida,13.99171978638502
2023-02-05,Greater Noida,15.042063489311147
2023-02-06,Greater Noida,13.495767266782448
2023-02-07,Greater Noida,14.964363650908078
2023-02-08,Greater Noida,15.416587426459742
2023-02-09,Greater Noida,15.083506843854952
2023-02-10,Greater Noida,15.619148798561419
2023-02-11,Greater Noida,15.980057553698533
2023-02-12,Greater Noida,14.162598203562952
2023-02-13,Greater Noida,16.09499071650989
2023-02-14,Greater Noida,15.096922389198927
2023-02-15,Greater Noida,14.454599094301933
2023-02-16,Greater Noida,14.842085237775294
2023-02-17,Greater Noida,15.13240491454254
2023-02-18,Greater Noida,14.906668139134693
2023-02-19,Greater Noida,15.210862491819366
2023-02-20,Greater Noida,13.819197010459648
2023-02-21,Greater Noida,14.858616318653716
2023-02-22,Greater Noida,13.460489664532448
2023-02-23,Greater Noida,14.355874367323487
2023-02-24,Greater Noida,13.964138209140337
2023-02-25,Greater Noida,14.237684964346903
2023-02-26,Greater Noida,15.95828206196603
2023-02-27,Greater Noida,15.40987310391951
2023-02-28,Greater Noida,15.457381141510888
2023-03-01,Greater Noida,15.40643612414826
2023-03-02,Greater Noida,15.795891111336351
2023-03-03,Greater Noida,16.15978596238344
2023-03-04,Greater Noida,16.790504168425606
2023-03-05,Greater Noida,15.277696492474899
2023-03-06,Greater Noida,14.84791254751628
2023-03-07,Greater Noida,14.624313417274458
2023-03-08,Greater Noida,14.742755480707295
2023-03-09,Greater Noida,15.037298073495947
2023-03-10,Greater Noida,15.204139252524989
2023-03-11,Greater Noida,15.715795670266337
2023-03-12,Greater Noida,15.87400409672986
2023-03-13,Greater Noida,15.379304038898281
2023-03-14,Greater Noida,13.746649847855386
2023-03-15,Greater Noida,13.348972566778723
2023-03-16,Greater Noida,14.329818446295587
2023-03-17,Greater Noida,15.418816322155832
2023-03-18,Greater Noida,13.557891776114454
2023-03-19,Greater Noida,14.978747260691053
2023-03-20,Greater Noida,16.733576417819634
2023-03-21,Greater Noida,14.953203331886664
2023-03-22,Greater Noida,15.412536922583804
2023-03-23,Greater Noida,15.15324592642681
2023-03-24,Greater Noida,14.869382039969812
2023-03-25,Greater Noida,15.726099049938261
2023-03-26,Greater Noida,15.383014130798836
2023-03-27,Greater Noida,16.804212308698435
2023-03-28,Greater Noida,15.096845197937336
2023-03-29,Greater Noida,14.403807581496455
2023-03-30,Greater Noida,14.773296178776102
2023-03-31,Greater Noida,14.604203816960556
2023-04-01,Greater Noida,14.180923318190212
2023-04-02,Greater Noida,15.142082993455112
2023-04-03,Greater Noida,14.22827809051506
2023-04-04,Greater Noida,14.990056042734427
2023-04-05,Greater Noida,14.876094961851468
2023-04-06,Greater Noida,16.660382087001807
2023-04-07,Greater Noida,15.56733698714742
2023-04-08,Greater Noida,15.799321458007974
2023-04-09,Greater Noida,16.79754850904338
2023-04-10,Greater Noida,16.082548313285567
2023-04-11,Greater Noida,15.584341443944306
2023-04-12,Greater Noida,14.43543592374292
2023-04-13,Greater Noida,13.640487899996035
2023-04-14,Greater Noida,13.93252356681171
2023-04-15,Greater Noida,14.740471234603438
2023-04-16,Greater Noida,15.03361042573072
2023-04-17,Greater Noida,16.60667533370658
2023-04-18,Greater Noida,14.860430025221682
2023-04-19,Greater Noida,15.01954011182589
2023-04-20,Greater Noida,15.038662507757284
2023-04-21,Greater Noida,16.48725601513843
2023-04-22,Greater Noida,14.242684742585555
2023-04-23,Greater Noida,13.088159638583061
2023-04-24,Greater Noida,14.271155726885441
2023-04-25,Greater Noida,15.466894566618087
2023-04-26,Greater Noida,16.548306043660208
2023-04-27,Greater Noida,15.342312773565173
2023-04-28,Greater Noida,15.140443559152596
2023-04-29,Greater Noida,15.38810442285893
2023-04-30,Greater Noida,14.785932582622399
2023-05-01,Greater Noida,15.314910617443443
2023-05-02,Greater Noida,15.13037136182522
2023-05-03,Greater Noida,14.70897571746267
2023-05-04,Greater Noida,14.39725423356291
2023-05-05,Greater Noida,15.040999102763553
2023-05-06,Greater Noida,14.698776269782032
2023-05-07,Greater Noida,15.054563716091753
2023-05-08,Greater Noida,14.93673680350038
2023-05-09,Greater Noida,15.115315397322354
2023-05-10,Greater Noida,15.324170020259755
2023-05-11,Greater Noida,15.912435767037715
2023-05-12,Greater Noida,15.753139403543068
2023-05-13,Greater Noida,17.103042316584048
2023-05-14,Greater Noida,12.987710730715174
2023-05-15,Greater Noida,15.577871625425443
2023-05-16,Greater Noida,13.532844457463575
2023-05-17,Greater Noida,15.60730226805884
2023-05-18,Greater Noida,13.727678977638544
2023-05-19,Greater Noida,13.060178230046626
2023-05-20,Greater Noida,15.341778500471598
2023-05-21,Greater Noida,15.36242781656969
2023-05-22,Greater Noida,14.15646866788771
2023-05-23,Greater Noida,15.44489764232628
2023-05-24,Greater Noida,14.307532171220627
2023-05-25,Greater Noida,14.914844381623888
2023-05-26,Greater Noida,13.544555128803697
2023-05-27,Greater Noida,14.951684008222822
2023-05-28,Greater Noida,14.70303936710468
2023-05-29,Greater Noida,14.285827418812339
2023-05-30,Greater Noida,15.113192271476965
2023-05-31,Greater Noida,13.932013874394597
2023-06-01,Greater Noida,15.877741921502402
2023-06-02,Greater Noida,14.478879996594166
2023-06-03,Greater Noida,16.752931097204353
2023-06-04,Greater Noida,14.07102843177284
2023-06-05,Greater Noida,14.38747693441561
2023-06-06,Greater Noida,13.967377846131647
2023-06-07,Greater Noida,14.879683265836785
2023-06-08,Greater Noida,15.890040955635245
2023-06-09,Greater Noida,13.336891978608755
2023-06-10,Greater Noida,13.791680736808742
2023-06-11,Greater Noida,13.725398014066638
2023-06-12,Greater Noida,13.845740108245625
2023-06-13,Greater Noida,14.631591176348323
2023-06-14,Greater Noida,16.158865130179187
2023-06-15,Greater Noida,15.954852611104004
2023-06-16,Greater Noida,16.670088251737205
2023-06-17,Greater Noida,15.647913379644315
2023-06-18,Greater Noida,15.552857485493886
2023-06-19,Greater Noida,16.3523632008571
2023-06-20,Greater Noida,14.562889665000148
2023-06-21,Greater Noida,15.230690926545465
2023-06-22,Greater Noida,15.324168486796923
2023-06-23,Greater Noida,15.72415791162867
2023-06-24,Greater Noida,15.768896325486196
2023-06-25,Greater Noida,15.053345613882533
2023-06-26,Greater Noida,14.549378173935395
2023-06-27,Greater Noida,15.575641185876272
2023-06-28,Greater Noida,15.504787351751748
2023-06-29,Greater Noida,16.652906287620887
2023-06-30,Greater Noida,15.037987148613574
2023-07-01,Greater Noida,14.481351623458195
2023-07-02,Greater Noida,14.898230655884904
2023-07-03,Greater Noida,13.741158144630639
2023-07-04,Greater Noida,14.303554800643056
2023-07-05,Greater Noida,15.828765261466748
2023-07-06,Greater Noida,14.380354425470587
2023-07-07,Greater Noida,13.962551761411737
2023-07-08,Greater Noida,15.323023938303084
2023-07-09,Greater Noida,15.296676577780165
2023-07-10,Greater Noida,16.807693998003572
2023-07-11,Greater Noida,15.93093332130032
2023-07-12,Greater Noida,14.416384965020757
2023-07-13,Greater Noida,14.588689037534145
2023-07-14,Greater Noida,16.027784351611302
2023-07-15,Greater Noida,14.865746884917604
2023-07-16,Greater Noida,14.80938575472751
2023-07-17,Greater Noida,16.014113865872023
2023-07-18,Greater Noida,15.483722811030681
2023-07-19,Greater Noida,15.0667587965892
2023-07-20,Greater Noida,16.216520234441028
2023-07-21,Greater Noida,14.863281985738134
2023-07-22,Greater Noida,15.496523854407583
2023-07-23,Greater Noida,15.295454264488535
2023-07-24,Greater Noida,15.222223077118347
2023-07-25,Greater Noida,16.219152159698965
2023-07-26,Greater Noida,15.648603094920821
2023-07-27,Greater Noida,15.56618852146468
2023-07-28,Greater Noida,15.689878478003402
2023-07-29,Greater Noida,14.402305530418808
2023-07-30,Greater Noida,14.079175169093451
2023-07-31,Greater Noida,15.13666153370798
2023-08-01,Greater Noida,13.72009567365276
2023-08-02,Greater Noida,14.995617378254583
2023-08-03,Greater Noida,13.69564700927635
2023-08-04,Greater Noida,15.159436103645746
2023-08-05,Greater Noida,14.787108596661385
2023-08-06,Greater Noida,15.354081541720552
2023-08-07,Greater Noida,16.388455260537125
2023-08-08,Greater Noida,16.19511372930383
2023-08-09,Greater Noida,15.12540947748551
2023-08-10,Greater Noida,14.730799792026174
2023-08-11,Greater Noida,15.012009547836055
2023-08-12,Greater Noida,14.960105507154294
2023-08-13,Greater Noida,16.411875322948568
2023-08-14,Greater Noida,15.637452059425037
2023-08-15,Greater Noida,15.075383952756017
2023-08-16,Greater Noida,15.474668337587765
2023-08-17,Greater Noida,16.127017045299908
2023-08-18,Greater Noida,15.08906214301763
2023-08-19,Greater Noida,15.058380237882789
2023-08-20,Greater Noida,15.061889884761458
2023-08-21,Greater Noida,14.429902679982606
2023-08-22,Greater Noida,14.380717805735323
2023-08-23,Greater Noida,14.958645161279234
2023-08-24,Greater Noida,15.927165232968418
2023-08-25,Greater Noida,15.118306171985743
2023-08-26,Greater Noida,15.394207467696104
2023-08-27,Greater Noida,16.401359105150227
2023-08-28,Greater Noida,15.310537718742555
2023-08-29,Greater Noida,16.92458779717822
2023-08-30,Greater Noida,15.398622433907597
2023-08-31,Greater Noida,13.715430431159364
2023-09-01,Greater Noida,16.564739979886177
2023-09-02,Greater Noida,17.080263134354123
2023-09-03,Greater Noida,16.27054404857302
2023-09-04,Greater Noida,15.690174919700798
2023-09-05,Greater Noida,16.574978091786903
2023-09-06,Greater Noida,14.175765932087796
2023-09-07,Greater Noida,14.816416101024432
2023-09-08,Greater Noida,14.567496187235381
2023-09-09,Greater Noida,14.522863275907953
2023-09-10,Greater Noida,15.519323969786381
2023-09-11,Greater Noida,15.046171889849552
2023-09-12,Greater Noida,15.351633517862746
2023-09-13,Greater Noida,14.286046323517096
2023-09-14,Greater Noida,16.3771986204297
2023-09-15,Greater Noida,15.90667799059022
2023-09-16,Greater Noida,14.362710451419884
2023-09-17,Greater Noida,14.752647305592523
2023-09-18,Greater Noida,14.718558005757586
2023-09-19,Greater Noida,15.025900926265193
2023-09-20,Greater Noida,15.314436034900854
2023-09-21,Greater Noida,14.708659629842586
2023-09-22,Greater Noida,15.12210297832458
2023-09-23,Greater Noida,14.274690421000718
2023-09-24,Greater Noida,15.256667998600243
2023-09-25,Greater Noida,15.58306127557987
2023-09-26,Greater Noida,15.671689019497242
2023-09-27,Greater Noida,16.165437043475496
2023-09-28,Greater Noida,14.693156314657301
2023-09-29,Greater Noida,15.461259838866452
2023-09-30,Greater Noida,16.65538994357792
2023-10-01,Greater Noida,15.697406750753586
2023-10-02,Greater Noida,13.08546506455335
2023-10-03,Greater Noida,13.180695569005
2023-10-04,Greater Noida,15.855683372219605
2023-10-05,Greater Noida,14.657810592842473
2023-10-06,Greater Noida,16.97531305147608
2023-10-07,Greater Noida,14.698794583703886
2023-10-08,Greater Noida,15.210584174168782
2023-10-09,Greater Noida,16.158247505134554
2023-10-10,Greater Noida,16.72242451005642
2023-10-11,Greater Noida,16.837795117035988
2023-10-12,Greater Noida,16.242524916435144
2023-10-13,Greater Noida,15.782529515602938
2023-10-14,Greater Noida,15.781940661927665
2023-10-15,Greater Noida,15.86870727518831
2023-10-16,Greater Noida,14.377160448581616
2023-10-17,Greater Noida,14.134712572817373
2023-10-18,Greater Noida,14.613203367737183
2023-10-19,Greater Noida,14.44441053802762
2023-10-20,Greater Noida,14.352386881897582
2023-10-21,Greater Noida,15.611879789412725
2023-10-22,Greater Noida,15.803245950506163
2023-10-23,Greater Noida,15.30032092061411
2023-10-24,Greater Noida,16.062176230237515
2023-10-25,Greater Noida,13.777250612420113
2023-10-26,Greater Noida,14.50966082343555
2023-10-27,Greater Noida,16.370175619933217
2023-10-28,Greater Noida,13.589503704157897
2023-10-29,Greater Noida,14.915700822676992
2023-10-30,Greater Noida,14.729692574189317
2023-10-31,Greater Noida,16.12472954113979
2023-11-01,Greater Noida,15.188041671258246
2023-11-02,Greater Noida,14.182007735102228
2023-11-03,Greater Noida,16.853734019916484
2023-11-04,Greater Noida,16.09975189950432
2023-11-05,Greater Noida,15.617380293865578
2023-11-06,Greater Noida,14.592991208398276
2023-11-07,Greater Noida,13.893738896309797
2023-11-08,Greater Noida,14.74138213064762
2023-11-09,Greater Noida,15.598136229356545
2023-11-10,Greater Noida,14.47212711457815
2023-11-11,Greater Noida,14.608401284308593
2023-11-12,Greater Noida,14.500814915987426
2023-11-13,Greater Noida,14.194805674491217
2023-11-14,Greater Noida,15.26539098950667
2023-11-15,Greater Noida,16.512911975749695
2023-11-16,Greater Noida,15.207759584970347
2023-11-17,Greater Noida,14.710552633242848
2023-11-18,Greater Noida,14.177069771520692
2023-11-19,Greater Noida,13.734330295807021
2023-11-20,Greater Noida,14.81927042660012
2023-11-21,Greater Noida,14.376332816992356
2023-11-22,Greater Noida,13.796452365479546
2023-11-23,Greater Noida,12.367795598994594
2023-11-24,Greater Noida,15.79072140571587
2023-11-25,Greater Noida,16.32548129990676
2023-11-26,Greater Noida,16.56542539792004
2023-11-27,Greater Noida,15.581299503384743
2023-11-28,Greater Noida,16.663026610430194
2023-11-29,Greater Noida,15.522918157422076
2023-11-30,Greater Noida,14.069680722984247
2023-12-01,Greater Noida,17.017288536352012
2023-12-02,Greater Noida,16.03180919172364
2023-12-03,Greater Noida,16.325116609224168
2023-12-04,Greater Noida,15.112240921271043
2023-12-05,Greater Noida,14.88615540037865
2023-12-06,Greater Noida,14.508350674576242
2023-12-07,Greater Noida,14.887642648305109
2023-12-08,Greater Noida,14.74787027998495
2023-12-09,Greater Noida,14.726592955079003
2023-12-10,Greater Noida,15.48377722566289
2023-12-11,Greater Noida,14.386079499454677
2023-12-12,Greater Noida,16.354963456144034
2023-12-13,Greater Noida,16.512335572191933
2023-12-14,Greater Noida,15.418777524170048
2023-12-15,Greater Noida,14.615534913545714
2023-12-16,Greater Noida,15.287055104042835
2023-12-17,Greater Noida,15.74366566676143
2023-12-18,Greater Noida,15.510005370952847
2023-12-19,Greater Noida,15.100299951211868
2023-12-20,Greater Noida,15.156404233291175
2023-12-21,Greater Noida,15.2020863258807
2023-12-22,Greater Noida,15.12183599003512
2023-12-23,Greater Noida,15.148744824601032
2023-12-24,Greater Noida,15.604126408556672
2023-12-25,Greater Noida,14.126059947987223
2023-12-26,Greater Noida,15.186831902663155
2023-12-27,Greater Noida,13.998856193110358
2023-12-28,Greater Noida,15.376104152971012
2023-12-29,Greater Noida,14.862800372096965
2023-12-30,Greater Noida,14.742046077815619
2023-12-31,Greater Noida,15.39788505023342
2024-01-01,Greater Noida,14.052229670759191
2024-01-02,Greater Noida,14.433206331347895
2024-01-03,Greater Noida,14.537532537497643
2024-01-04,Greater Noida,16.628995745546618
2024-01-05,Greater Noida,13.8794841179238
2024-01-06,Greater Noida,14.763407825410418
2024-01-07,Greater Noida,15.448145732083233
2024-01-08,Greater Noida,15.571342875073794
2024-01-09,Greater Noida,16.810103743194585
2024-01-10,Greater Noida,14.706118601080908
2024-01-11,Greater Noida,15.285119622629658
2024-01-12,Greater Noida,15.208518615171961
2024-01-13,Greater Noida,13.886101668972767
2024-01-14,Greater Noida,14.510741781951008
2024-01-15,Greater Noida,14.946150479473534
2024-01-16,Greater Noida,15.753865553452638
2024-01-17,Greater Noida,16.73571822804969
2024-01-18,Greater Noida,14.467031359040169
2024-01-19,Greater Noida,15.582616836265741
2024-01-20,Greater Noida,16.436367077348734
2024-01-21,Greater Noida,15.166071353057482
2024-01-22,Greater Noida,14.408044350000514
2024-01-23,Greater Noida,14.77360532058724
2024-01-24,Greater Noida,15.963300187185407
2024-01-25,Greater Noida,15.13268384919118
2024-01-26,Greater Noida,14.528895773261803
2024-01-27,Greater Noida,15.65372050678257
2024-01-28,Greater Noida,14.324323736662913
2024-01-29,Greater Noida,15.048068188314714
2024-01-30,Greater Noida,16.38634853940338
2024-01-31,Greater Noida,15.04487150581533
2024-02-01,Greater Noida,14.586832136251976
2024-02-02,Greater Noida,14.87793515324175
2024-02-03,Greater Noida,13.47622277834811
2024-02-04,Greater Noida,15.148868911185538
2024-02-05,Greater Noida,14.65126545455017
2024-02-06,Greater Noida,14.55944444431855
2024-02-07,Greater Noida,17.267304408247426
2024-02-08,Greater Noida,14.90403265773065
2024-02-09,Greater Noida,14.163351018938668
2024-02-10,Greater Noida,14.860845106601916
2024-02-11,Greater Noida,16.217185126371717
2024-02-12,Greater Noida,15.233419119543752
2024-02-13,Greater Noida,14.943452846359058
2024-02-14,Greater Noida,15.778865100649025
2024-02-15,Greater Noida,16.77149445300752
2024-02-16,Greater Noida,16.556621749644414
2024-02-17,Greater Noida,15.319732837924064
2024-02-18,Greater Noida,16.885448569410777
2024-02-19,Greater Noida,15.898670377747836
2024-02-20,Greater Noida,15.199321202181524
2024-02-21,Greater Noida,15.61129067018132
2024-02-22,Greater Noida,15.39868565809566
2024-02-23,Greater Noida,14.309638953561839
2024-02-24,Greater Noida,14.146522236615866
2024-02-25,Greater Noida,15.72224780858315
2024-02-26,Greater Noida,14.308514266179987
2024-02-27,Greater Noida,14.429169040568233
2024-02-28,Greater Noida,14.779910194352988
2024-02-29,Greater Noida,14.99994304209392
2024-03-01,Greater Noida,14.299383978437628
2024-03-02,Greater Noida,14.054984689211464
2024-03-03,Greater Noida,14.532910735298726
2024-03-04,Greater Noida,16.04225934345599
2024-03-05,Greater Noida,15.142081892255963
2024-03-06,Greater Noida,15.20675738148307
2024-03-07,Greater Noida,14.343390772457417
2024-03-08,Greater Noida,15.049084529980362
2024-03-09,Greater Noida,15.150879992407749
2024-03-10,Greater Noida,15.55266585492786
2024-03-11,Greater Noida,15.753161191492966
2024-03-12,Greater Noida,15.247715237630736
2024-03-13,Greater Noida,15.417304943685913
2024-03-14,Greater Noida,14.989850628995825
2024-03-15,Greater Noida,15.104151797634563
2024-03-16,Greater Noida,14.899641120629163
2024-03-17,Greater Noida,15.182010525840422
2024-03-18,Greater Noida,14.687379092898295
2024-03-19,Greater Noida,15.369922431228076
2024-03-20,Greater Noida,16.127848983321943
2024-03-21,Greater Noida,13.679913152034064
2024-03-22,Greater Noida,15.886408457222092
2024-03-23,Greater Noida,16.138660479449797
2024-03-24,Greater Noida,13.400918405962624
2024-03-25,Greater Noida,12.865789683984847
2024-03-26,Greater Noida,13.880265464515958
2024-03-27,Greater Noida,16.148214905077253
2024-03-28,Greater Noida,14.884444621608832
2024-03-29,Greater Noida,14.23642320735817
2024-03-30,Greater Noida,14.54604754581527
2024-03-31,Greater Noida,15.527433323082976
2024-04-01,Greater Noida,15.71552752879219
2024-04-02,Greater Noida,15.48177515820465
2024-04-03,Greater Noida,14.454745384700907
2024-04-04,Greater Noida,14.812011494401393
2024-04-05,Greater Noida,14.104017611975797
2024-04-06,Greater Noida,14.886081328628268
2024-04-07,Greater Noida,14.661194643442524
2024-04-08,Greater Noida,15.905538142564223
2024-04-09,Greater Noida,16.206675167944624
2024-04-10,Greater Noida,16.011800931598614
2024-04-11,Greater Noida,14.242577269005032
2024-04-12,Greater Noida,14.847614079755068
2024-04-13,Greater Noida,14.540446484990525
2024-04-14,Greater Noida,14.320906444715735
2024-04-15,Greater Noida,16.787815029688844
2024-04-16,Greater Noida,14.143127194445825
2024-04-17,Greater Noida,15.777075439851268
2024-04-18,Greater Noida,14.386954484605505
2024-04-19,Greater Noida,14.982865026572728
2024-04-20,Greater Noida,15.108574865565672
2024-04-21,Greater Noida,14.8098768989831
2024-04-22,Greater Noida,15.316804516020802
2024-04-23,Greater Noida,15.309306161965345
2024-04-24,Greater Noida,15.533476704466574
2024-04-25,Greater Noida,14.021704986587633
2024-04-26,Greater Noida,14.993409906720322
2024-04-27,Greater Noida,16.305819422819496
2024-04-28,Greater Noida,14.819431291343836
2024-04-29,Greater Noida,15.4722058369437
2024-04-30,Greater Noida,15.551551089456314
2024-05-01,Greater Noida,14.596956615029722
2024-05-02,Greater Noida,14.292595802006918
2024-05-03,Greater Noida,15.408429939663197
2024-05-04,Greater Noida,15.371597260931155
2024-05-05,Greater Noida,15.885899572654509
2024-05-06,Greater Noida,15.306490605346566
2024-05-07,Greater Noida,14.799346871826522
2024-05-08,Greater Noida,15.421916903003146
2024-05-09,Greater Noida,16.53102869545441
2024-05-10,Greater Noida,15.093620081847689
2024-05-11,Greater Noida,13.971815313361814
2024-05-12,Greater Noida,15.337628277227177
2024-05-13,Greater Noida,14.86098241680395
2024-05-14,Greater Noida,13.211384579443193
2024-05-15,Greater Noida,15.513016537362226
2024-05-16,Greater Noida,14.486808814011603
2024-05-17,Greater Noida,15.571167688605664
2024-05-18,Greater Noida,15.274863259534218
2024-05-19,Greater Noida,16.87759004992209
2024-05-20,Greater Noida,15.68828625731534
2024-05-21,Greater Noida,14.68931963055185
2024-05-22,Greater Noida,15.214724161214358
2024-05-23,Greater Noida,15.35570139770494
2024-05-24,Greater Noida,15.486551283069048
2024-05-25,Greater Noida,15.561647454915674
2024-05-26,Greater Noida,15.51730140952102
2024-05-27,Greater Noida,15.853531151168092
2024-05-28,Greater Noida,15.560982518411322
2024-05-29,Greater Noida,15.655433526064623
2024-05-30,Greater Noida,15.324013938682135
2024-05-31,Greater Noida,15.535614432052931
2024-06-01,Greater Noida,15.75711425944705
2024-06-02,Greater Noida,16.836380549539744
2024-06-03,Greater Noida,15.626192845240551
2024-06-04,Greater Noida,14.926380717369279
2024-06-05,Greater Noida,15.447133797784383
2024-06-06,Greater Noida,13.454064801765549
2024-06-07,Greater Noida,15.012366218464603
2024-06-08,Greater Noida,14.166071610492848
2024-06-09,Greater Noida,15.672053093884918
2024-06-10,Greater Noida,16.244315794017066
2024-06-11,Greater Noida,14.72389192483457
2024-06-12,Greater Noida,14.928628735263786
2024-06-13,Greater Noida,16.53053228815119
2024-06-14,Greater Noida,16.855086104936394
2024-06-15,Greater Noida,14.61553010831472
2024-06-16,Greater Noida,15.128710090453213
2024-06-17,Greater Noida,16.745800144490676
2024-06-18,Greater Noida,15.790314492224118
2024-06-19,Greater Noida,15.108154959686788
2024-06-20,Greater Noida,15.55394780236511
2024-06-21,Greater Noida,12.841419704198758
2024-06-22,Greater Noida,15.01722839843303
2024-06-23,Greater Noida,14.107344950872621
2024-06-24,Greater Noida,13.577264703304975
2024-06-25,Greater Noida,15.162495660606657
2024-06-26,Greater Noida,15.67263686208494
2024-06-27,Greater Noida,14.632774901627785
2024-06-28,Greater Noida,15.509077793157171
2024-06-29,Greater Noida,16.1336969558848
2024-06-30,Greater Noida,15.994874815133715
2024-07-01,Greater Noida,15.002294153181033
2024-07-02,Greater Noida,15.71063442724429
2024-07-03,Greater Noida,15.214060884779986
2024-07-04,Greater Noida,15.452820817692064
2024-07-05,Greater Noida,15.310826202498271
2024-07-06,Greater Noida,14.528651925913584
2024-07-07,Greater Noida,16.56640289401746
2024-07-08,Greater Noida,14.932348902305153
2024-07-09,Greater Noida,14.928914088852048
2024-07-10,Greater Noida,15.632805604248425
2024-07-11,Greater Noida,15.361415862539245
2024-07-12,Greater Noida,16.426238002455054
2024-07-13,Greater Noida,14.433985629716322
2024-07-14,Greater Noida,14.921338515434831
2024-07-15,Greater Noida,13.779718749126689
2024-07-16,Greater Noida,13.394274612293197
2024-07-17,Greater Noida,13.912168516725412
2024-07-18,Greater Noida,14.520643654328898
2024-07-19,Greater Noida,14.168619868183828
2024-07-20,Greater Noida,13.936805419734414
2024-07-21,Greater Noida,13.373944153108043
2024-07-22,Greater Noida,14.28227623371568
2024-07-23,Greater Noida,13.711372771625834
2024-07-24,Greater Noida,15.140840022936287
2024-07-25,Greater Noida,14.622276979210582
2024-07-26,Greater Noida,13.623647231385354
2024-07-27,Greater Noida,14.609788781697521
2024-07-28,Greater Noida,14.155880768112093
2024-07-29,Greater Noida,15.193198479581715
2024-07-30,Greater Noida,15.344103748914065
2024-07-31,Greater Noida,13.208308935264037
2024-08-01,Greater Noida,14.906667860493414
2024-08-02,Greater Noida,14.423171896117823
2024-08-03,Greater Noida,15.58583150220737
2024-08-04,Greater Noida,15.04375487063299
2024-08-05,Greater Noida,15.3250199668708
2024-08-06,Greater Noida,14.737605409292929
2024-08-07,Greater Noida,14.459839264009732
2024-08-08,Greater Noida,15.978326399304853
2024-08-09,Greater Noida,15.986488379641676
2024-08-10,Greater Noida,16.785806191386474
2024-08-11,Greater Noida,14.729133355545487
2024-08-12,Greater Noida,16.473612029917014
2024-08-13,Greater Noida,13.95380837584101
2024-08-14,Greater Noida,13.217891337384708
2024-08-15,Greater Noida,13.99220395291143
2024-08-16,Greater Noida,15.563447663986038
2024-08-17,Greater Noida,16.723660067930574
2024-08-18,Greater Noida,13.87956066792128
2024-08-19,Greater Noida,15.742922466116477
2024-08-20,Greater Noida,14.576431037757581
2024-08-21,Greater Noida,15.251576749449974
2024-08-22,Greater Noida,15.457548919053098
2024-08-23,Greater Noida,15.604652092164558
2024-08-24,Greater Noida,16.883809911751328
2024-08-25,Greater Noida,16.605443041379218
2024-08-26,Greater Noida,14.960651166736099
2024-08-27,Greater Noida,14.339037290305821
2024-08-28,Greater Noida,15.038960664135805
2024-08-29,Greater Noida,14.055516545318838
2024-08-30,Greater Noida,16.65006111652594
