Date,City,Longitude,latitude,NO2
2022-01-01,Greater Noida,77.16,28.61,44.19
2022-01-02,Greater Noida,77.19,28.63,Nan
2022-01-03,Greater Noida,77.23,28.67,Nan
2022-01-04,Greater Noida,77.25,28.69,Nan
2022-01-05,Greater Noida,77.29,28.73,Nan
2022-01-06,Greater Noida,77.3,28.78,Nan
2022-01-07,Greater Noida,77.36,28.82,38.85
2022-01-08,Greater Noida,77.37,28.85,46.32
2022-01-09,Greater Noida,77.4,28.88,41.58
2022-01-10,Greater Noida,77.42,28.9,45.13
2022-01-11,Greater Noida,77.45,28.92,39.99
2022-01-12,Greater Noida,77.48,28.94,43.21
2022-01-13,Greater Noida,77.5,28.96,48.75
2022-01-14,Greater Noida,77.53,28.98,42.18
2022-01-15,Greater Noida,77.55,29.0,49.34
2022-01-16,Greater Noida,77.57,29.03,44.21
2022-01-17,Greater Noida,77.6,29.05,46.89
2022-01-18,Greater Noida,77.65,29.07,Nan
2022-01-19,Greater Noida,77.67,29.1,Nan
2022-01-20,Greater Noida,77.69,29.12,Nan
2022-01-21,Greater Noida,77.7,29.14,48.59
2022-01-22,Greater Noida,77.72,29.16,47.82
2022-01-23,Greater Noida,77.75,29.18,51
2022-01-24,Greater Noida,77.77,29.2,52.13
2022-01-25,Greater Noida,77.8,29.22,49.47
2022-01-26,Greater Noida,77.82,29.24,50.82
2022-01-27,Greater Noida,77.85,29.26,46.27
2022-01-28,Greater Noida,87.0,29.28,53.09
2022-01-29,Greater Noida,77.9,29.3,49.65
2022-01-30,Greater Noida,77.92,29.32,54.77
2022-01-31,Greater Noida,77.95,29.34,55.22
2022-02-01,Greater Noida,77.97,29.36,56.43
2022-02-02,Greater Noida,78.0,29.38,51.98
2022-02-03,Greater Noida,78.02,29.4,59.05
2022-02-04,Greater Noida,78.05,29.42,52.14
2022-02-05,Greater Noida,78.07,29.44,57.62
2022-02-06,Greater Noida,78.1,29.46,58.34
2022-02-07,Greater Noida,78.12,29.48,61.4
2022-02-08,Greater Noida,78.15,29.5,59.29
2022-02-09,Greater Noida,78.17,29.52,62.55
2022-02-10,Greater Noida,78.2,29.54,60.73
2022-02-11,Greater Noida,78.22,29.56,63.29
2022-02-12,Greater Noida,78.25,29.58,66.4
2022-02-13,Greater Noida,78.27,29.6,64.18
2022-02-14,Greater Noida,78.3,29.62,67.5
2022-02-15,Greater Noida,78.32,29.64,62.74
2022-02-16,Greater Noida,78.35,29.66,65.4
2022-02-17,Greater Noida,78.37,29.68,68.33
2022-02-18,Greater Noida,78.4,29.7,64.27
2022-02-19,Greater Noida,78.42,29.72,66.09
2022-02-20,Greater Noida,78.45,29.74,69.54
2022-02-21,Greater Noida,78.47,29.76,67.29
2022-02-22,Greater Noida,78.5,29.78,70.6
2022-02-23,Greater Noida,78.52,29.8,72.1
2022-02-24,Greater Noida,78.55,29.82,71.55
2022-02-25,Greater Noida,78.57,29.84,73.4
2022-02-26,Greater Noida,78.6,29.86,74.5
2022-02-27,Greater Noida,78.62,29.88,75.15
2022-02-28,Greater Noida,78.65,29.9,72.8
2022-03-01,Greater Noida,78.67,29.92,76.2
2022-03-02,Greater Noida,78.7,29.94,77.85
2022-03-03,Greater Noida,78.72,29.96,74.55
2022-03-04,Greater Noida,78.75,29.98,78
2022-03-05,Greater Noida,78.77,30.0,80.25
2022-03-06,Greater Noida,78.8,30.02,79.55
2022-03-07,Greater Noida,78.82,30.04,82.4
2022-03-08,Greater Noida,78.85,30.06,83.7
2022-03-09,Greater Noida,78.87,30.08,81.25
2022-03-10,Greater Noida,78.9,30.1,84.55
2022-03-11,Greater Noida,78.92,30.12,85.3
2022-03-12,Greater Noida,78.95,30.14,88.4
2022-03-13,Greater Noida,78.97,30.16,89.15
2022-03-14,Greater Noida,79.0,30.18,87.5
2022-03-15,Greater Noida,79.02,30.2,90.2
2022-03-16,Greater Noida,79.05,30.22,91.55
2022-03-17,Greater Noida,79.07,30.24,92.6
2022-03-18,Greater Noida,79.1,30.26,93.7
2022-03-19,Greater Noida,79.12,30.28,91.3
2022-03-20,Greater Noida,79.15,30.3,94.85
2022-03-21,Greater Noida,79.17,30.32,95.6
2022-03-22,Greater Noida,79.2,30.34,96.75
2022-03-23,Greater Noida,79.22,30.36,97.45
2022-03-24,Greater Noida,79.25,30.38,98.1
2022-03-25,Greater Noida,79.27,30.4,99.3
2022-03-26,Greater Noida,79.3,30.42,98.9
2022-03-27,Greater Noida,79.32,30.44,99.2
2022-03-28,Greater Noida,79.35,30.46,100.15
2022-03-29,Greater Noida,79.37,30.48,101.1
2022-03-30,Greater Noida,79.4,30.5,102.05
2022-03-31,Greater Noida,79.4,30.5,100
2022-04-01,Greater Noida,79.42,30.52,98
2022-04-02,Greater Noida,79.45,30.54,102.5
2022-04-03,Greater Noida,79.47,30.56,99.75
2022-04-04,Greater Noida,79.5,30.58,101.25
2022-04-05,Greater Noida,79.52,30.6,97
2022-04-06,Greater Noida,79.55,30.62,103.5
2022-04-07,Greater Noida,79.57,30.64,100.2
2022-04-08,Greater Noida,79.6,30.66,98.4
2022-04-09,Greater Noida,79.62,30.68,101.75
2022-04-10,Greater Noida,79.65,30.7,99.6
2022-04-11,Greater Noida,79.67,30.72,100.85
2022-04-12,Greater Noida,79.7,30.74,98.9
2022-04-13,Greater Noida,79.72,30.76,102.1
2022-04-14,Greater Noida,79.75,30.78,100.5
2022-04-15,Greater Noida,79.77,30.8,101.8
2022-04-16,Greater Noida,79.8,30.82,99.3
2022-04-17,Greater Noida,79.82,30.84,103.75
2022-04-18,Greater Noida,79.85,30.86,101.1
2022-04-19,Greater Noida,79.87,30.88,98.5
2022-04-20,Greater Noida,79.9,30.9,100.9
2022-04-21,Greater Noida,79.92,79.92,Nan
2022-04-22,Greater Noida,79.95,30.94,Nan
2022-04-23,Greater Noida,79.97,30.96,Nan
2022-04-24,Greater Noida,80.0,30.98,Nan
2022-04-25,Greater Noida,80.02,31.0,Nan
2022-04-26,Greater Noida,80.05,31.02,Nan
2022-04-27,Greater Noida,80.07,31.04,99.15
2022-04-28,Greater Noida,80.1,31.06,103.5
2022-04-29,Greater Noida,80.12,31.08,101
2022-04-30,Greater Noida,80.15,31.1,98.8
2022-05-01,Greater Noida,80.17,31.12,102.25
2022-05-02,Greater Noida,80.2,31.14,100.9
2022-05-03,Greater Noida,80.22,31.16,101.6
2022-05-04,Greater Noida,80.25,31.18,99.5
2022-05-05,Greater Noida,80.27,31.2,96.8
2022-05-06,Greater Noida,80.3,31.22,99.5
2022-05-07,Greater Noida,80.32,31.24,98.75
2022-05-08,Greater Noida,80.35,31.26,97.9
2022-05-09,Greater Noida,80.37,31.28,97.2
2022-05-10,Greater Noida,80.4,31.3,96.5
2022-05-11,Greater Noida,80.42,31.32,95.85
2022-05-12,Greater Noida,80.45,31.34,95.1
2022-05-13,Greater Noida,80.47,31.36,94.4
2022-05-14,Greater Noida,80.5,31.38,93.75
2022-05-15,Greater Noida,80.52,31.4,93
2022-05-16,Greater Noida,80.55,31.42,92.35
2022-05-17,Greater Noida,80.57,31.44,91.6
2022-05-18,Greater Noida,80.6,31.46,90.95
2022-05-19,Greater Noida,80.62,31.48,90.2
2022-05-20,Greater Noida,80.65,31.5,89.6
2022-05-21,Greater Noida,80.67,31.52,88.95
2022-05-22,Greater Noida,80.7,31.54,88.2
2022-05-23,Greater Noida,80.72,31.56,87.55
2022-05-24,Greater Noida,80.75,31.58,86.85
2022-05-25,Greater Noida,80.77,31.6,86.2
2022-05-26,Greater Noida,80.8,31.62,85.5
2022-05-27,Greater Noida,80.82,31.64,84.85
2022-05-28,Greater Noida,80.85,31.66,84.1
2022-05-29,Greater Noida,80.87,31.68,83.45
2022-05-30,Greater Noida,80.9,31.7,82.8
2022-05-31,Greater Noida,80.92,31.72,82.1
2022-06-01,Greater Noida,80.95,31.74,81.5
2022-06-02,Greater Noida,80.97,31.76,80.8
2022-06-03,Greater Noida,81.0,31.78,88.5
2022-06-04,Greater Noida,81.02,31.8,87.2
2022-06-05,Greater Noida,81.05,31.82,84.6
2022-06-06,Greater Noida,81.07,31.84,82.3
2022-06-07,Greater Noida,81.1,31.86,80.75
2022-06-08,Greater Noida,81.12,31.88,83.1
2022-06-09,Greater Noida,81.15,31.9,81.4
2022-06-10,Greater Noida,81.17,31.92,79.9
2022-06-11,Greater Noida,81.2,31.94,80.55
2022-06-12,Greater Noida,81.22,31.96,82.1
2022-06-13,Greater Noida,81.25,31.98,84.35
2022-06-14,Greater Noida,81.27,32.0,81.75
2022-06-15,Greater Noida,81.3,32.02,80.05
2022-06-16,Greater Noida,81.32,32.04,82.2
2022-06-17,Greater Noida,81.35,32.06,79.65
2022-06-18,Greater Noida,81.37,32.08,81.1
2022-06-19,Greater Noida,81.4,32.1,79.75
2022-06-20,Greater Noida,81.42,32.12,77.8
2022-06-21,Greater Noida,81.45,32.14,78.65
2022-06-22,Greater Noida,81.47,32.16,80.1
2022-06-23,Greater Noida,81.5,32.18,78.9
2022-06-24,Greater Noida,81.52,32.2,79.55
2022-06-25,Greater Noida,81.55,32.22,77.3
2022-06-26,Greater Noida,81.57,32.24,76.45
2022-06-27,Greater Noida,81.6,32.26,74.8
2022-06-28,Greater Noida,81.62,32.28,75.55
2022-06-29,Greater Noida,81.65,32.3,78.25
2022-06-30,Greater Noida,81.67,32.32,76.95
2022-07-01,Greater Noida,81.7,32.34,74.65
2022-07-02,Greater Noida,81.72,32.36,76.8
2022-07-03,Greater Noida,81.75,32.38,78.1
2022-07-04,Greater Noida,81.77,32.4,75.4
2022-07-05,Greater Noida,81.8,32.42,77.65
2022-07-06,Greater Noida,81.82,32.44,79
2022-07-07,Greater Noida,81.85,32.46,74.95
2022-07-08,Greater Noida,81.87,32.48,76.3
2022-07-09,Greater Noida,81.9,32.5,77.75
2022-07-10,Greater Noida,81.92,32.52,75.9
2022-07-11,Greater Noida,81.95,32.54,74.2
2022-07-12,Greater Noida,81.97,32.56,77.6
2022-07-13,Greater Noida,82.0,32.58,76.15
2022-07-14,Greater Noida,82.02,32.6,78.35
2022-07-15,Greater Noida,82.05,32.62,74.85
2022-07-16,Greater Noida,82.07,32.64,77.2
2022-07-17,Greater Noida,82.1,32.66,76.05
2022-07-18,Greater Noida,82.12,32.68,74.6
2022-07-19,Greater Noida,82.15,32.7,76.75
2022-07-20,Greater Noida,82.17,32.72,75.2
2022-07-21,Greater Noida,82.2,32.74,74.95
2022-07-22,Greater Noida,82.22,32.76,77.4
2022-07-23,Greater Noida,82.25,32.78,78.25
2022-07-24,Greater Noida,82.27,32.8,75.6
2022-07-25,Greater Noida,82.3,32.82,73.95
2022-07-26,Greater Noida,82.32,32.84,74.85
2022-07-27,Greater Noida,82.35,32.86,77.2
2022-07-28,Greater Noida,82.37,32.88,76.5
2022-07-29,Greater Noida,82.4,32.9,74.7
2022-07-30,Greater Noida,82.42,32.92,75.95
2022-07-31,Greater Noida,82.45,32.94,78.3
2022-08-01,Greater Noida,82.4,32.96,80.3
2022-08-02,Greater Noida,81.0,31.78,81.25
2022-08-03,Greater Noida,81.02,31.8,80.75
2022-08-04,Greater Noida,81.05,31.82,81
2022-08-05,Greater Noida,81.07,31.84,80.5
2022-08-06,Greater Noida,81.1,31.86,81.1
2022-08-07,Greater Noida,81.12,31.88,80.8
2022-08-08,Greater Noida,81.15,31.9,80.45
2022-08-09,Greater Noida,81.17,31.92,81
2022-08-10,Greater Noida,81.2,31.94,80.75
2022-08-11,Greater Noida,81.22,31.96,81.15
2022-08-12,Greater Noida,81.25,31.98,80.6
2022-08-13,Greater Noida,81.27,32.0,80.9
2022-08-14,Greater Noida,81.3,32.02,81.2
2022-08-15,Greater Noida,81.32,32.04,80.5
2022-08-16,Greater Noida,81.35,32.06,80.85
2022-08-17,Greater Noida,81.37,32.08,81.1
2022-08-18,Greater Noida,81.4,32.1,80.55
2022-08-19,Greater Noida,81.42,32.12,80.8
2022-08-20,Greater Noida,81.45,32.14,81
2022-08-21,Greater Noida,81.47,32.16,80.75
2022-08-22,Greater Noida,81.5,32.18,81.1
2022-08-23,Greater Noida,81.52,32.2,80.9
2022-08-24,Greater Noida,81.55,32.22,81
2022-08-25,Greater Noida,81.57,32.24,Nan
2022-08-26,Greater Noida,81.6,32.26,Nan
2022-08-27,Greater Noida,81.62,32.28,Nan
2022-08-28,Greater Noida,81.65,32.3,Nan
2022-08-29,Greater Noida,81.67,32.32,Nan
2022-08-30,Greater Noida,81.7,32.34,80.65
2022-08-31,Greater Noida,81.72,32.36,81.2
2022-09-01,Greater Noida,81.75,32.38,80.9
2022-09-02,Greater Noida,81.77,32.4,80.45
2022-09-03,Greater Noida,81.8,32.42,80.75
2022-09-04,Greater Noida,81.82,32.44,81.1
2022-09-05,Greater Noida,81.85,32.46,80.85
2022-09-06,Greater Noida,81.87,32.48,81
2022-09-07,Greater Noida,81.9,32.5,80.6
2022-09-08,Greater Noida,81.92,32.52,80.9
2022-09-09,Greater Noida,81.95,32.54,81.2
2022-09-10,Greater Noida,81.97,32.56,80.75
2022-09-11,Greater Noida,82.0,32.58,80.85
2022-09-12,Greater Noida,82.02,32.6,81
2022-09-13,Greater Noida,82.05,32.62,80.5
2022-09-14,Greater Noida,82.07,32.64,80.95
2022-09-15,Greater Noida,82.1,32.66,81.1
2022-09-16,Greater Noida,82.12,32.68,80.65
2022-09-17,Greater Noida,82.15,32.7,80.8
2022-09-18,Greater Noida,82.17,32.72,81
2022-09-19,Greater Noida,82.2,32.74,80.55
2022-09-20,Greater Noida,82.22,32.76,80.85
2022-09-21,Greater Noida,82.25,32.78,81.1
2022-09-22,Greater Noida,82.27,32.8,80.75
2022-09-23,Greater Noida,82.3,32.82,80.6
2022-09-24,Greater Noida,82.32,32.84,81
2022-09-25,Greater Noida,82.35,32.86,80.9
2022-09-26,Greater Noida,82.37,32.88,80.45
2022-09-27,Greater Noida,82.4,32.9,80.75
2022-09-28,Greater Noida,82.42,32.92,81.1
2022-09-29,Greater Noida,82.45,32.94,80.85
2022-09-30,Greater Noida,82.47,32.96,81
2022-10-01,Greater Noida,82.5,32.98,80.6
2022-10-02,Greater Noida,82.52,33.0,80.9
2022-10-03,Greater Noida,82.55,33.02,81.2
2022-10-04,Greater Noida,82.57,33.04,80.75
2022-10-05,Greater Noida,82.6,33.06,80.85
2022-10-06,Greater Noida,82.62,33.08,81
2022-10-07,Greater Noida,82.65,33.1,80.5
2022-10-08,Greater Noida,82.67,33.12,80.95
2022-10-09,Greater Noida,82.7,33.14,81.1
2022-10-10,Greater Noida,82.72,33.16,80.65
2022-10-11,Greater Noida,82.75,33.18,80.8
2022-10-12,Greater Noida,77.48,28.94,45.21
2022-10-13,Greater Noida,77.5,28.96,52.74
2022-10-14,Greater Noida,77.53,28.98,37.98
2022-10-15,Greater Noida,77.55,29.0,59.23
2022-10-16,Greater Noida,77.57,29.03,40.62
2022-10-17,Greater Noida,77.6,29.05,48.91
2022-10-18,Greater Noida,77.62,29.08,55.67
2022-10-19,Greater Noida,77.65,29.1,43.12
2022-10-20,Greater Noida,77.67,29.12,60.44
2022-10-21,Greater Noida,77.7,29.14,35.78
2022-10-22,Greater Noida,77.72,29.16,58.16
2022-10-23,Greater Noida,77.75,29.18,44.59
2022-10-24,Greater Noida,77.77,29.2,49.22
2022-10-25,Greater Noida,77.8,29.22,67.81
2022-10-26,Greater Noida,77.82,29.24,36.43
2022-10-27,Greater Noida,77.85,29.26,53.57
2022-10-28,Greater Noida,77.87,29.28,62.89
2022-10-29,Greater Noida,77.9,29.3,40.78
2022-10-30,Greater Noida,77.92,29.32,50.91
2022-10-31,Greater Noida,77.95,29.34,46.13
2022-11-01,Greater Noida,77.97,29.36,63.74
2022-11-02,Greater Noida,78.0,29.38,54.22
2022-11-03,Greater Noida,78.02,29.4,42.67
2022-11-04,Greater Noida,78.05,29.42,58.93
2022-11-05,Greater Noida,78.07,29.44,47.31
2022-11-06,Greater Noida,78.1,29.46,65.87
2022-11-07,Greater Noida,78.12,29.48,39.52
2022-11-08,Greater Noida,78.15,29.5,51.27
2022-11-09,Greater Noida,78.17,29.52,62.41
2022-11-10,Greater Noida,78.2,29.54,43.16
2022-11-11,Greater Noida,78.22,29.56,55.74
2022-11-12,Greater Noida,78.25,29.58,49.91
2022-11-13,Greater Noida,78.27,29.6,61.05
2022-11-14,Greater Noida,78.3,29.62,42.29
2022-11-15,Greater Noida,78.32,29.64,57.83
2022-11-16,Greater Noida,78.35,29.66,38.42
2022-11-17,Greater Noida,78.37,29.68,65.91
2022-11-18,Greater Noida,78.4,29.7,46.78
2022-11-19,Greater Noida,78.42,29.72,Nan
2022-11-20,Greater Noida,78.45,29.74,Nan
2022-11-21,Greater Noida,78.47,29.76,Nan
2022-11-22,Greater Noida,78.5,29.78,Nan
2022-11-23,Greater Noida,78.52,29.8,51.73
2022-11-24,Greater Noida,78.55,29.82,59.43
2022-11-25,Greater Noida,78.57,29.84,47.88
2022-11-26,Greater Noida,78.6,29.86,63.91
2022-11-27,Greater Noida,78.62,29.88,42.05
2022-11-28,Greater Noida,78.65,29.9,55.72
2022-11-29,Greater Noida,78.67,29.92,64.84
2022-11-30,Greater Noida,78.7,29.94,37.12
2022-12-01,Greater Noida,78.72,29.96,52.98
2022-12-02,Greater Noida,78.75,29.98,60.41
2022-12-03,Greater Noida,78.77,30.0,48.56
2022-12-04,Greater Noida,78.8,30.02,55.74
2022-12-05,Greater Noida,78.82,30.04,63.22
2022-12-06,Greater Noida,78.85,30.06,Nan
2022-12-07,Greater Noida,78.87,30.08,Nan
2022-12-08,Greater Noida,78.9,30.1,Nan
2022-12-09,Greater Noida,78.92,30.12,Nan
2022-12-10,Greater Noida,78.95,30.14,Nan
2022-12-11,Greater Noida,78.97,30.16,58.47
2022-12-12,Greater Noida,79.0,30.18,51.67
2022-12-13,Greater Noida,79.02,30.2,63.29
2022-12-14,Greater Noida,79.05,30.22,40.71
2022-12-15,Greater Noida,79.07,30.24,59.32
2022-12-16,Greater Noida,79.1,30.26,46.78
2022-12-17,Greater Noida,79.12,30.28,61.23
2022-12-18,Greater Noida,79.15,30.3,53.56
2022-12-19,Greater Noida,79.17,30.32,65.44
2022-12-20,Greater Noida,79.2,30.34,42.23
2022-12-21,Greater Noida,79.22,30.36,56.87
2022-12-22,Greater Noida,79.25,30.38,68.44
2022-12-23,Greater Noida,79.27,30.4,47.92
2022-12-24,Greater Noida,79.3,30.42,62.15
2022-12-25,Greater Noida,79.32,30.44,44.57
2022-12-26,Greater Noida,79.35,30.46,56.98
2022-12-27,Greater Noida,79.37,30.48,49.34
2022-12-28,Greater Noida,79.4,30.5,Nan
2022-12-29,Greater Noida,79.42,30.52,Nan
2022-12-30,Greater Noida,79.45,30.54,Nan
2022-12-31,Greater Noida,79.47,30.56,69.12
2023-01-01,Greater Noida,79.5,30.58,54.23
2023-01-02,Greater Noida,77.16496714153011,28.59755345296688,43.52525160853986
2023-01-03,Greater Noida,77.1635844985184,28.57976625047784,51.23871036336867
2023-01-04,Greater Noida,77.17006138389941,28.59472669359273,41.63254687878066
2023-01-05,Greater Noida,77.18529168246349,28.60127035015628,46.39497081111901
2023-01-06,Greater Noida,77.18295014871624,28.60071450344717,40.82326473370122
2023-01-07,Greater Noida,77.18060877914677,28.60351418971037,55.72574563886694
2023-01-08,Greater Noida,77.19640090730184,28.59225929923738,39.06200790485244
2023-01-09,Greater Noida,77.20407525459336,28.61671681903355,46.54910355113514
2023-01-10,Greater Noida,77.19938051073402,28.6180090308533,48.1688844046605
2023-01-11,Greater Noida,77.20480611116987,28.61910297879935,47.06899548725749
2023-01-12,Greater Noida,77.20017193424175,28.62636064503834,44.07356170561146
2023-01-13,Greater Noida,77.19551463670605,28.63117073735571,44.35089650133287
2023-01-14,Greater Noida,77.1979342594217,28.6334095775985,45.21905735989555
2023-01-15,Greater Noida,77.17880145697512,28.62550483304405,44.26498999185755
2023-01-16,Greater Noida,77.16155227864999,28.6302195166154,49.81939558397455
2023-01-17,Greater Noida,77.15592940335759,28.64903976158016,56.05261500795676
2023-01-18,Greater Noida,77.14580109215424,28.66249396204171,42.21254107496083
2023-01-19,Greater Noida,77.1489435654802,28.6784258283081,38.15098510210461
2023-01-20,Greater Noida,77.13986332472498,28.67331367154379,44.55858975824373
2023-01-21,Greater Noida,77.12574028771164,28.6634176233412,57.8985466882716
2023-01-22,Greater Noida,77.14039677540084,28.66215975414021,40.98162716015135
2023-01-23,Greater Noida,77.13813901239598,28.66271700326309,53.19558402722033
2023-01-24,Greater Noida,77.13881429444287,28.6736589184478,53.38850407038221
2023-01-25,Greater Noida,77.12456681258072,28.65673427215065,42.23205879146003
2023-01-26,Greater Noida,77.11912298533548,28.67202977534527,47.84491539592638
2023-01-27,Greater Noida,77.12023221123258,28.67044969635947,53.14198311564269
2023-01-28,Greater Noida,77.10872227545835,28.66618088566,43.10436129506257
2023-01-29,Greater Noida,77.1124792556418,28.6560598419074,43.98209819948819
2023-01-30,Greater Noida,77.10647286874261,28.63951127518873,42.09159543025678
2023-01-31,Greater Noida,77.10355593124468,28.64774298102836,39.92621634653567
2023-02-01,Greater Noida,77.09753886512239,28.64847616070024,41.75361227466996
2023-02-02,Greater Noida,77.11606164696748,28.63557655170283,38.88029866618872
2023-02-03,Greater Noida,77.1159266747201,28.62262576398219,45.17041734129613
2023-02-04,Greater Noida,77.10534956543054,28.61926791698929,41.1501338447068
2023-02-05,Greater Noida,77.11357501455157,28.63595813224219,46.16892955895374
2023-02-06,Greater Noida,77.10136657805187,28.63336221872855,37.22052176898186
2023-02-07,Greater Noida,77.10345521400191,28.61833078919737,46.65440116107229
2023-02-08,Greater Noida,77.08385851276311,28.61587335855651,49.16764480804462
2023-02-09,Greater Noida,77.07057665227413,28.61314612285903,
2023-02-10,Greater Noida,77.07254526463282,28.58617725642961,46.87028284923786
2023-02-11,Greater Noida,77.07992993043277,28.58563430776444,51.13834496236646
2023-02-12,Greater Noida,77.08164361324468,28.58332496246236,38.95179490654397
2023-02-13,Greater Noida,77.08048713042079,28.59028702611049,53.36286193418852
2023-02-14,Greater Noida,77.0774760934649,28.60877658705994,47.09509504683022
2023-02-15,Greater Noida,77.06269087356122,28.62004223735542,41.47494072120796
2023-02-16,Greater Noida,77.05549243147728,28.61735335044987,44.72115461171147
2023-02-17,Greater Noida,77.05088604376768,28.60628809136245,47.79163456260861
2023-02-18,Greater Noida,77.06145726602988,28.63202168939495,45.38002695706206
2023-02-19,Greater Noida,77.06489344892556,28.6326138737351,47.69377996223184
2023-02-20,Greater Noida,77.04726304737193,28.63275316665423,40.39663203460317
2023-02-21,Greater Noida,77.05050388706587,28.63251191578313,45.84680412018039
2023-02-22,Greater Noida,77.0466530642617,28.6344927633908,37.9314275154751
2023-02-23,Greater Noida,77.03988384425865,28.63304915927156,44.4438696932565
2023-02-24,Greater Noida,77.04600060714706,28.62731253920276,40.48046179267605
2023-02-25,Greater Noida,77.05631060237202,28.62184394979036,41.32235028705117
2023-02-26,Greater Noida,77.06562340356318,28.6215164170882,51.18046587605219
2023-02-27,Greater Noida,77.05723122833095,28.61608216937686,50.45655060297135
2023-02-28,Greater Noida,77.05413910457244,28.60895371155009,48.04569060453588
2023-03-01,Greater Noida,77.05745173888648,28.61001801382701,39.53843617663711
2023-03-02,Greater Noida,77.0672071901577,28.6074682416528,43.41795775152599
2023-03-03,Greater Noida,77.06241544777924,28.62250817153863,51.06548849989592
2023-03-04,Greater Noida,77.06055885801261,28.5959984734547,
2023-03-05,Greater Noida,77.04949550827256,28.60691354197392,56.59664769990847
2023-03-06,Greater Noida,77.03753344203174,28.61937439389889,46.96658919697186
2023-03-07,Greater Noida,77.04565870025569,28.59864049157482,45.96024558245016
2023-03-08,Greater Noida,77.0592211005414,28.59521361563401,43.4544176789875
2023-03-09,Greater Noida,77.05850099932559,28.59149920697405,45.66770452391141
2023-03-10,Greater Noida,77.06853632830452,28.57742409002688,44.23765081809728
2023-03-11,Greater Noida,77.072152688555,28.56964592315097,48.54054338344295
2023-03-12,Greater Noida,77.06570149100894,28.55854016469631,49.78351158397293
2023-03-13,Greater Noida,77.06931544706403,28.57606286913055,
2023-03-14,Greater Noida,77.08469581272868,28.58541965306202,38.34383523221111
2023-03-15,Greater Noida,77.08433755233759,28.59813520401196,35.81897313448351
2023-03-16,Greater Noida,77.09998398889572,28.6053519246524,47.53995663456272
2023-03-17,Greater Noida,77.07378653785483,28.59406140694022,39.48316696913064
2023-03-18,Greater Noida,77.08200556289857,28.58881620427742,34.23554703523759
2023-03-19,Greater Noida,77.08287603358096,28.5937099498897,46.94289302265482
2023-03-20,Greater Noida,77.0798859600763,28.58148867180078,
2023-03-21,Greater Noida,77.08080356784166,28.58861865610251,44.96964544230053
2023-03-22,Greater Noida,77.06092787869565,28.58621540212093,49.19245387225821
2023-03-23,Greater Noida,77.05873115981727,28.58246719404543,45.40914679273782
2023-03-24,Greater Noida,77.06230228553238,28.58957679372746,44.50555173404429
2023-03-25,Greater Noida,77.0770812259798,28.59401942684233,49.59538241493884
2023-03-26,Greater Noida,77.07189852379706,28.59040976518413,43.54862727905675
2023-03-27,Greater Noida,77.06381358776814,28.60200306321778,
2023-03-28,Greater Noida,77.05879601733228,28.59119242994178,46.60848903098007
2023-03-29,Greater Noida,77.06795003850931,28.59735178601122,41.65954773178476
2023-03-30,Greater Noida,77.07123754960591,28.6032827985909,49.96021174768261
2023-03-31,Greater Noida,77.06593994756824,28.60018733419777,44.12520121652296
2023-04-01,Greater Noida,77.07107262189938,28.60344866442018,41.22127420253577
2023-04-02,Greater Noida,77.07204339739285,28.59093752865633,47.68254921785202
2023-04-03,Greater Noida,77.08172984729818,28.6001777988484,40.50766009104481
2023-04-04,Greater Noida,77.0747093163594,28.59832877748397,45.14090578684564
2023-04-05,Greater Noida,77.07143269489343,28.59310154727878,44.95440501677898
2023-04-06,Greater Noida,77.0675116133621,28.60359163953715,
2023-04-07,Greater Noida,77.05287646388078,28.59654820263172,47.37349116439977
2023-04-08,Greater Noida,77.05583766665143,28.58246358966809,
2023-04-09,Greater Noida,77.05844821937323,28.56689729793285,
2023-04-10,Greater Noida,77.05849935393965,28.5729573974463,51.95103774508657
2023-04-11,Greater Noida,77.05615348260591,28.56015310392134,47.78905153175931
2023-04-12,Greater Noida,77.0419997751854,28.57770104574118,45.05176309921691
2023-04-13,Greater Noida,77.03779332195775,28.55688175166235,38.4408188382492
2023-04-14,Greater Noida,77.03436617679247,28.57384631534525,39.67443168462314
2023-04-15,Greater Noida,77.02634340410026,28.57595649001728,43.47387647822666
2023-04-16,Greater Noida,77.0247305469836,28.57498935889857,41.95243898920359
2023-04-17,Greater Noida,77.02877105555174,28.56954016803048,
2023-04-18,Greater Noida,77.04763291456385,28.573531529174,45.28324962448553
2023-04-19,Greater Noida,77.04937869269217,28.57315518214975,47.64846377178365
2023-04-20,Greater Noida,77.0519541965994,28.58418820096992,44.64750610970454
2023-04-21,Greater Noida,77.05120973744174,28.58533047745654,
2023-04-22,Greater Noida,77.03202202528874,28.58683349507116,45.3223720740506
2023-04-23,Greater Noida,77.03175688653425,28.58319737294902,35.12266716823064
2023-04-24,Greater Noida,77.03235918863366,28.58262791671181,40.30332303090623
2023-04-25,Greater Noida,77.05699160975851,28.58570593440073,44.27956222139192
2023-04-26,Greater Noida,77.05506800011071,28.56860425047416,
2023-04-27,Greater Noida,77.05808347353404,28.55512239625311,47.99964364998102
2023-04-28,Greater Noida,77.057736355837,28.56255503719333,52.65375416171849
2023-04-29,Greater Noida,77.0460495754608,28.56426369157461,51.09380925848659
2023-04-30,Greater Noida,77.05747780360595,28.56242385821109,43.93278564534896
2023-05-01,Greater Noida,77.0649971339328,28.56260819754174,52.45363068424976
2023-05-02,Greater Noida,77.07290745340325,28.56608401459536,45.74333728601056
2023-05-03,Greater Noida,77.06381357885529,28.56068641779226,43.31457014440981
2023-05-04,Greater Noida,77.07784152196466,28.55290337053824,41.9329866822953
2023-05-05,Greater Noida,77.06382301133674,28.55486182308921,43.48765156755936
2023-05-06,Greater Noida,77.06969158227474,28.54507809531306,43.05911590729386
2023-05-07,Greater Noida,77.09159613853284,28.54916062287021,45.85208111187744
2023-05-08,Greater Noida,77.08169077528153,28.53213478682783,45.80286990524933
2023-05-09,Greater Noida,77.0760277979855,28.54242634320109,45.01523010076707
2023-05-10,Greater Noida,77.07702431163638,28.54715231802522,47.18469084873175
2023-05-11,Greater Noida,77.07198955509521,28.54971261536836,50.95323137393171
2023-05-12,Greater Noida,77.05648292078456,28.55953952520781,49.74777067720662
2023-05-13,Greater Noida,77.05716855053261,28.57619426965244,
2023-05-14,Greater Noida,77.04654551339536,28.58633797030262,32.23039432549022
2023-05-15,Greater Noida,77.0512814377017,28.5679292279893,49.67159955619637
2023-05-16,Greater Noida,77.04208719535937,28.55513345832195,38.1656065079229
2023-05-17,Greater Noida,77.05758653940954,28.54888527254499,43.87617299053658
2023-05-18,Greater Noida,77.04975400648618,28.5491461830471,39.1494348697032
2023-05-19,Greater Noida,77.04653339132412,28.55432277325179,35.9900978120999
2023-05-20,Greater Noida,77.05466856349781,28.54706533512025,47.70731364102394
2023-05-21,Greater Noida,77.04235992033348,28.54893300276503,48.79577580151324
2023-05-22,Greater Noida,77.04463451967952,28.54137917344149,42.1174479963664
2023-05-23,Greater Noida,77.05770594722235,28.53526399541157,32.04478853927545
2023-05-24,Greater Noida,77.04163111487674,28.52119738444309,42.26877775873759
2023-05-25,Greater Noida,77.04347745346206,28.51196505198198,46.95902002701273
2023-05-26,Greater Noida,77.04607628140454,28.49844820592582,37.60544215612936
2023-05-27,Greater Noida,77.05389451012232,28.48868947339605,45.91679959889578
2023-05-28,Greater Noida,77.04152500301353,28.49922589136212,44.92345075413503
2023-05-29,Greater Noida,77.0283204368827,28.4897319024738,47.89645749800544
2023-05-30,Greater Noida,77.03353985253887,28.51605572312218,45.59790184207077
2023-05-31,Greater Noida,77.03650969927119,28.52098890213099,40.13465529559223
2023-06-01,Greater Noida,77.03901462777465,28.52283726336794,50.98285750832245
2023-06-02,Greater Noida,77.04247910986962,28.51425368556612,44.20735213486515
2023-06-03,Greater Noida,77.03567886265384,28.52125678436021,
2023-06-04,Greater Noida,77.03800139962544,28.51550040609784,40.33366020463402
2023-06-05,Greater Noida,77.04093212435843,28.51672050424429,42.78358874404245
2023-06-06,Greater Noida,77.03378861017816,28.54232134962698,40.57598642986549
2023-06-07,Greater Noida,77.05244635528962,28.54136075062973,44.13526970038289
2023-06-08,Greater Noida,77.05718468449874,28.55285348389259,53.55854240071172
2023-06-09,Greater Noida,77.04527164952671,28.54582171964133,38.14049428534322
2023-06-10,Greater Noida,77.05183718561304,28.54547183473636,36.9321930106163
2023-06-11,Greater Noida,77.04209036891078,28.56317984109272,52.35585163746804
2023-06-12,Greater Noida,77.0499612149482,28.55691017051484,43.95338161424067
2023-06-13,Greater Noida,77.06154717073827,28.57503465609481,41.65463630670042
2023-06-14,Greater Noida,77.05334034755475,28.58211217544936,50.19952343698039
2023-06-15,Greater Noida,77.0629741088472,28.57648750769042,41.97192230131568
2023-06-16,Greater Noida,77.06710191811656,28.58281158508097,
2023-06-17,Greater Noida,77.07532251971651,28.59253712957724,48.38962935669635
2023-06-18,Greater Noida,77.09429044954305,28.59875522919941,
2023-06-19,Greater Noida,77.09183656838302,28.5830529820005,55.78654106632752
2023-06-20,Greater Noida,77.08429920673944,28.57578161024226,41.97142538498331
2023-06-21,Greater Noida,77.07540406244318,28.57330642388674,48.71047686004653
2023-06-22,Greater Noida,77.06724595959354,28.57256208959575,46.49646290203246
2023-06-23,Greater Noida,77.0664749424994,28.57876881057125,51.50870644699399
2023-06-24,Greater Noida,77.06988646224755,28.58054582058059,52.80755598363427
2023-06-25,Greater Noida,77.07265337024086,28.56719237699348,45.16002074532884
2023-06-26,Greater Noida,77.08092520273122,28.57099435550354,41.23291064826908
2023-06-27,Greater Noida,77.08105522165,28.57710021295638,47.29986071469558
2023-06-28,Greater Noida,77.09559056242158,28.58269811743569,41.61142315123947
2023-06-29,Greater Noida,77.0929439940892,28.59350592469124,55.06693623763312
2023-06-30,Greater Noida,77.12014568575509,28.60184514623673,45.68267665541369
2023-07-01,Greater Noida,77.12640235923274,28.60643694702901,43.17339224343946
2023-07-02,Greater Noida,77.11783078366858,28.60573528991442,45.92340152932454
2023-07-03,Greater Noida,77.10712185868796,28.58912568057927,38.26436855235152
2023-07-04,Greater Noida,77.11194658284039,28.59342186277059,40.14192980744674
2023-07-05,Greater Noida,77.10971195498713,28.59549873964222,51.00206953972213
2023-07-06,Greater Noida,77.11685195992806,28.59821452801417,41.71552860514302
2023-07-07,Greater Noida,77.1215843361738,28.58544704225597,39.7654450865903
2023-07-08,Greater Noida,77.12085604704723,28.57463647685189,47.68326376263643
2023-07-09,Greater Noida,77.11238810986654,28.58516800538522,50.92852077331499
2023-07-10,Greater Noida,77.09723963761968,28.58477245384665,
2023-07-11,Greater Noida,77.09277448809901,28.59158746082037,49.98023842902908
2023-07-12,Greater Noida,77.10133847604224,28.59187064458168,41.21602455715269
2023-07-13,Greater Noida,77.10347941348356,28.59216820597664,37.89094666629078
2023-07-14,Greater Noida,77.09102202569643,28.6015510440364,52.50666825977744
2023-07-15,Greater Noida,77.09275383495493,28.59639059675422,43.38660080578932
2023-07-16,Greater Noida,77.09660700875223,28.59735180452364,43.74583491772477
2023-07-17,Greater Noida,77.08776843439021,28.59272905163659,51.64097070924529
2023-07-18,Greater Noida,77.08930568544967,28.58838408936226,47.7811500470033
2023-07-19,Greater Noida,77.08988777263413,28.58529236812757,47.27943886040804
2023-07-20,Greater Noida,77.07845806965582,28.58751370584391,55.82501172450542
2023-07-21,Greater Noida,77.08203594325931,28.58272621962728,41.78240884809929
2023-07-22,Greater Noida,77.087643788523,28.59528378088301,49.63920064040619
2023-07-23,Greater Noida,77.09847430095475,28.58633770786082,45.28506562448542
2023-07-24,Greater Noida,77.10901232147509,28.5844689914192,46.34296139431628
2023-07-25,Greater Noida,77.09523562779552,28.58007168083646,52.64234213206266
2023-07-26,Greater Noida,77.08585737739637,28.59454145968,47.53917878144812
2023-07-27,Greater Noida,77.09100773006845,28.59650700744512,47.69148039524816
2023-07-28,Greater Noida,77.09614558957757,28.6068254528398,50.36253668654901
2023-07-29,Greater Noida,77.10129606644064,28.59196984910943,43.17523635228557
2023-07-30,Greater Noida,77.13982338134718,28.59464035176812,40.80395166330497
2023-07-31,Greater Noida,77.14553228645411,28.60353665972436,39.77595402989483
2023-08-01,Greater Noida,77.15688794285593,28.60435949961711,35.16821705311999
2023-08-02,Greater Noida,77.16642796049086,28.61501430336777,55.28103564970161
2023-08-03,Greater Noida,77.17294187300392,28.60984141886676,39.48395817139159
2023-08-04,Greater Noida,77.16978918055752,28.62393489326862,43.89373188207114
2023-08-05,Greater Noida,77.17737887276245,28.64692387450481,43.6159335005554
2023-08-06,Greater Noida,77.16965062061706,28.64329548890041,46.53703348904551
2023-08-07,Greater Noida,77.16728243454966,28.63884046368641,
2023-08-08,Greater Noida,77.16242879907138,28.65337430845758,49.30236744179873
2023-08-09,Greater Noida,77.16324754046524,28.66917002991489,42.08461280715531
2023-08-10,Greater Noida,77.18639412613197,28.66394142964336,44.16439143106794
2023-08-11,Greater Noida,77.16772147420606,28.6597395614724,46.4128997524415
2023-08-12,Greater Noida,77.17458407610981,28.6569217153838,43.75654436908226
2023-08-13,Greater Noida,77.15845691739791,28.64347721027345,53.03672788009996
2023-08-14,Greater Noida,77.15373759874001,28.63429069080861,47.45487475819126
2023-08-15,Greater Noida,77.16462710470968,28.62424928314109,48.67438893024909
2023-08-16,Greater Noida,77.16526990490064,28.61657130749005,48.31440634333706
2023-08-17,Greater Noida,77.15449245712135,28.61622445861618,50.86736928742663
2023-08-18,Greater Noida,77.14733942002874,28.61856660594155,45.90510779351853
2023-08-19,Greater Noida,77.15413539751809,28.63407161086969,38.51584026022077
2023-08-20,Greater Noida,77.14683173120092,28.6240880704623,46.99843975876321
2023-08-21,Greater Noida,77.14899631709675,28.63393129444706,41.74321553104085
2023-08-22,Greater Noida,77.14945203549578,28.63179140600481,42.35691659125121
2023-08-23,Greater Noida,77.14293603201972,28.63129676890829,47.93182009377546
2023-08-24,Greater Noida,77.16437547291298,28.63804496382995,51.19141535716818
2023-08-25,Greater Noida,77.17071466313615,28.62681774361433,45.10635788368031
2023-08-26,Greater Noida,77.15046323726958,28.63064184107617,46.54416506299482
2023-08-27,Greater Noida,77.15232778041728,28.6323063631583,53.51107472317619
2023-08-28,Greater Noida,77.14570991576959,28.63723087579838,46.20376589744284
2023-08-29,Greater Noida,77.15423424911755,28.64012256223746,
2023-08-30,Greater Noida,77.14630904173323,28.66467556363657,47.82754822815773
2023-08-31,Greater Noida,77.14516167731855,28.65829816379405,36.19618620422091
2023-09-01,Greater Noida,77.15021155010837,28.65298819424403,
2023-09-02,Greater Noida,77.15886910205006,28.64675678897979,
2023-09-03,Greater Noida,77.1468661379795,28.64120201778818,51.44876377041373
2023-09-04,Greater Noida,77.14352112562109,28.63482814651512,48.36590675634979
2023-09-05,Greater Noida,77.13877167250949,28.64671831182619,
2023-09-06,Greater Noida,77.13223838018375,28.6609233543061,38.87850881855317
2023-09-07,Greater Noida,77.14989292258656,28.6552158913686,43.95488371356987
2023-09-08,Greater Noida,77.15394273969618,28.64689233563756,40.7473977289535
2023-09-09,Greater Noida,77.14133390015282,28.65160649120142,42.09738275097639
2023-09-10,Greater Noida,77.15051251962336,28.64608426075861,47.94289202210305
2023-09-11,Greater Noida,77.1717340815935,28.65241357893617,53.34952252175703
2023-09-12,Greater Noida,77.182058734199,28.65444280914468,46.9733576491149
2023-09-13,Greater Noida,77.16686503453947,28.63928536799471,39.02058468982408
2023-09-14,Greater Noida,77.1620226938108,28.65476042000801,
2023-09-15,Greater Noida,77.17469180530267,28.67271919673896,50.98315743322826
2023-09-16,Greater Noida,77.16761511064648,28.66659130983412,41.95108547840309
2023-09-17,Greater Noida,77.17205330492794,28.66271429423476,44.32991416663541
2023-09-18,Greater Noida,77.17979964546224,28.66557294814201,45.07344097364599
2023-09-19,Greater Noida,77.17053034074645,28.66891751604188,41.0755084345888
2023-09-20,Greater Noida,77.16993508718583,28.67550295876861,48.2414021692193
2023-09-21,Greater Noida,77.13752241378515,28.69560500415627,44.39525925696109
2023-09-22,Greater Noida,77.12727853737181,28.69383553188133,47.09766221953514
2023-09-23,Greater Noida,77.12475285585788,28.68585255943595,40.5625391109895
2023-09-24,Greater Noida,77.11227502403823,28.6720593671558,42.81270849838295
2023-09-25,Greater Noida,77.12859913707754,28.66475006675638,48.61190678913886
2023-09-26,Greater Noida,77.11429772329794,28.66441879702764,43.13583423954117
2023-09-27,Greater Noida,77.10989727843096,28.68236437566282,53.63481925616703
2023-09-28,Greater Noida,77.11120468420383,28.67718826267246,43.00181907192699
2023-09-29,Greater Noida,77.12561741709449,28.67942614218885,46.12342362875943
2023-09-30,Greater Noida,77.11125879558269,28.67926191322812,
2023-10-01,Greater Noida,77.12289043310425,28.6911458459626,37.90817133533484
2023-10-02,Greater Noida,77.12299276371444,28.71641517022134,36.19595594009612
2023-10-03,Greater Noida,77.11317767720396,28.71110648249213,37.37171842714952
2023-10-04,Greater Noida,77.11779871194659,28.70621208806695,51.31292051713591
2023-10-05,Greater Noida,77.11978930890233,28.71665369683764,42.24070927053776
2023-10-06,Greater Noida,77.11378714013074,28.72347261173391,57.79099642834126
2023-10-07,Greater Noida,77.11448516098064,28.74193968499126,42.17876200671306
2023-10-08,Greater Noida,77.11063202501202,28.74777896684453,45.92275651598519
2023-10-09,Greater Noida,77.11176719846453,28.74418604593665,52.71054976283938
2023-10-10,Greater Noida,77.11838850520974,28.75009259424358,55.03046444079561
2023-10-11,Greater Noida,77.13424867337119,28.76117963004941,55.30751788318199
2023-10-12,Greater Noida,77.12187051838293,28.76938445186138,51.04183115296571
2023-10-13,Greater Noida,77.1432008521295,28.77445719217246,50.12031262905731
2023-10-14,Greater Noida,77.12367997413426,28.78512393906835,47.96263474600592
2023-10-15,Greater Noida,77.12216212318391,28.7968168949728,48.89180538083319
2023-10-16,Greater Noida,77.12804529524875,28.81063848488317,42.24407141835734
2023-10-17,Greater Noida,77.13085521392611,28.81712558375908,40.90900558288846
2023-10-18,Greater Noida,77.1246282187279,28.81545440295591,44.98312771294524
2023-10-19,Greater Noida,77.12254699622433,28.81692153982024,44.14907688737536
2023-10-20,Greater Noida,77.11761698687774,28.82898662948532,42.73385975336362
2023-10-21,Greater Noida,77.1117233393083,28.82081727277545,48.48193723728357
2023-10-22,Greater Noida,77.12021936027851,28.82450400586418,49.77652604285255
2023-10-23,Greater Noida,77.12378951513816,28.82057061774091,45.44203443145923
2023-10-24,Greater Noida,77.11686041918556,28.82085806597026,52.38765040527631
2023-10-25,Greater Noida,77.12585641793989,28.83364258459633,39.29155442933248
2023-10-26,Greater Noida,77.12892941314865,28.83555357527653,44.03170270360141
2023-10-27,Greater Noida,77.13705803433704,28.83601794075809,
2023-10-28,Greater Noida,77.14335432275628,28.82241937934829,35.6673169146347
2023-10-29,Greater Noida,77.13506437264705,28.82988191500856,44.5865965707865
2023-10-30,Greater Noida,77.12946256224508,28.83633675681997,44.39126245808358
2023-10-31,Greater Noida,77.13693549829631,28.85796930405303,52.56724871621066
2023-11-01,Greater Noida,77.14303920095065,28.8548915217035,48.15405842277389
2023-11-02,Greater Noida,77.14283018501101,28.85708302498013,39.87906587835398
2023-11-03,Greater Noida,77.1440034588441,28.85957686181724,
2023-11-04,Greater Noida,77.15678010780198,28.87535139461488,51.10516847762676
2023-11-05,Greater Noida,77.15086439391362,28.87439843929101,47.91048851734308
2023-11-06,Greater Noida,77.15633536772532,28.87718865454871,43.86757950575084
2023-11-07,Greater Noida,77.15431344120098,28.88326761964588,40.2028038163826
2023-11-08,Greater Noida,77.15213662916871,28.88513371087744,43.13896611964473
2023-11-09,Greater Noida,77.16312439768859,28.88066937473194,50.44374309852093
2023-11-10,Greater Noida,77.17137856117847,28.88261027466092,54.42293152967304
2023-11-11,Greater Noida,77.17951365753848,28.89334659215952,52.71621764136094
2023-11-12,Greater Noida,77.19256844561002,28.88308143916541,42.55575289106863
2023-11-13,Greater Noida,77.19277848402635,28.88441113590688,39.40191283355495
2023-11-14,Greater Noida,77.19959801373929,28.87740992775748,45.70443123455602
2023-11-15,Greater Noida,77.19649534617336,28.88936039404673,
2023-11-16,Greater Noida,77.19973700969824,28.87412852499889,46.61583857092391
2023-11-17,Greater Noida,77.19843557915456,28.86853930652618,44.26198706850666
2023-11-18,Greater Noida,77.1994055388045,28.87231142527682,42.66981749065879
2023-11-19,Greater Noida,77.20535710905887,28.88796666556917,37.02648466366603
2023-11-20,Greater Noida,77.19717490222652,28.88730916295844,47.56800053284859
2023-11-21,Greater Noida,77.21809877498337,28.8817571676915,42.33649580169045
2023-11-22,Greater Noida,77.20803860116838,28.90056873838591,39.15041582144856
2023-11-23,Greater Noida,77.1958967150405,28.88608859938175,30.63868893359175
2023-11-24,Greater Noida,77.2074778237755,28.86410053981555,44.86242547474682
2023-11-25,Greater Noida,77.21539445071514,28.86850068431608,53.86125798334872
2023-11-26,Greater Noida,77.22163564888565,28.86348014207256,53.30629607273935
2023-11-27,Greater Noida,77.22791910397831,28.85326781390125,42.71451871706864
2023-11-28,Greater Noida,77.22779663624983,28.86035137837424,
2023-11-29,Greater Noida,77.21882409253497,28.86278938551195,47.34387128037512
2023-11-30,Greater Noida,77.2195821381169,28.85714859920459,40.00807280405854
2023-12-01,Greater Noida,77.21281052100178,28.84434555521788,
2023-12-02,Greater Noida,77.22256171833597,28.85307012850068,48.83040139192345
2023-12-03,Greater Noida,77.22109114452094,28.85957214028026,51.13466611942154
2023-12-04,Greater Noida,77.21283617255303,28.85858038164247,44.49922961760024
2023-12-05,Greater Noida,77.2096223141365,28.87704675160295,43.98163124911517
2023-12-06,Greater Noida,77.21375162867925,28.86634590393968,40.6100870662172
2023-12-07,Greater Noida,77.20811438315121,28.85109065223044,40.8655982298007
2023-12-08,Greater Noida,77.19989217919554,28.84417157153162,43.86760554049236
2023-12-09,Greater Noida,77.20232905131046,28.84371571136807,46.83682753408089
2023-12-10,Greater Noida,77.20477871702155,28.8461491058613,49.56792313116625
2023-12-11,Greater Noida,77.19970928526784,28.84373674528273,40.98410524659828
2023-12-12,Greater Noida,77.19499890221165,28.84725729924788,
2023-12-13,Greater Noida,77.19731940158523,28.83474190500597,
2023-12-14,Greater Noida,77.18283855817026,28.8491795510467,44.89316352825782
2023-12-15,Greater Noida,77.1687639204265,28.84835803926278,41.26394160426089
2023-12-16,Greater Noida,77.16157947821397,28.85953099757866,32.87879869863529
2023-12-17,Greater Noida,77.15944500669686,28.86295825104244,49.42022698180525
2023-12-18,Greater Noida,77.16255408235283,28.86752578323398,48.68421948546217
2023-12-19,Greater Noida,77.17730764452233,28.8732234560363,43.59336221440893
2023-12-20,Greater Noida,77.18588424075435,28.87770054163647,45.33495358612436
2023-12-21,Greater Noida,77.1842848554547,28.88412776923514,47.5796960885205
2023-12-22,Greater Noida,77.18409469337568,28.89741929453647,37.18727071556729
2023-12-23,Greater Noida,77.1740693997293,28.89938450623348,42.35473661326853
2023-12-24,Greater Noida,77.17388426836938,28.90647454380937,48.97132339810913
2023-12-25,Greater Noida,77.17099768198018,28.9055771868665,38.72855288415376
2023-12-26,Greater Noida,77.17422486758356,28.91997835902099,46.46778966083315
2023-12-27,Greater Noida,77.16595255814804,28.9132144360004,38.21709097688297
2023-12-28,Greater Noida,77.17114602329045,28.93122384032951,47.33214991216763
2023-12-29,Greater Noida,77.18647341242048,28.93082226082306,44.82179258851258
2023-12-30,Greater Noida,77.18538581093591,28.91651450980189,36.92434092047245
2023-12-31,Greater Noida,77.1894029281569,28.91779555395099,50.82369677228586
2024-01-01,Greater Noida,77.19630436807401,28.91098503737624,41.32704211600976
2024-01-02,Greater Noida,77.19229216335515,28.91939147286613,40.94873781492809
2024-01-03,Greater Noida,77.19453308817326,28.91286523307311,46.00284598615472
2024-01-04,Greater Noida,77.19465901218108,28.90840339874096,
2024-01-05,Greater Noida,77.19563577316656,28.8895079914315,39.92089090510802
2024-01-06,Greater Noida,77.18790567532801,28.88498492823901,45.30839924923986
2024-01-07,Greater Noida,77.18815077707059,28.86074613497273,47.14408250165287
2024-01-08,Greater Noida,77.19313075998305,28.84490710673787,48.46552803631572
2024-01-09,Greater Noida,77.207642196061,28.85251125329931,
2024-01-10,Greater Noida,77.21723490432186,28.86036925488582,43.16486080458339
2024-01-11,Greater Noida,77.23876672889696,28.86462383050367,40.8620488967564
2024-01-12,Greater Noida,77.23109325326809,28.85495406907237,45.43071941523188
2024-01-13,Greater Noida,77.23981645963529,28.85447695551096,39.63930494007197
2024-01-14,Greater Noida,77.24164987969267,28.85444093012005,30.39324758252696
2024-01-15,Greater Noida,77.26354790902485,28.84285728322812,47.18279902078834
2024-01-16,Greater Noida,77.2554649261713,28.8578912662458,49.51967420543097
2024-01-17,Greater Noida,77.2470677077495,28.86666488915155,Nan
2024-01-18,Greater Noida,77.24107378129506,28.86445524741326,39.95134647645031
2024-01-19,Greater Noida,77.21983482405196,28.8647241058032,48.09577130502599
2024-01-20,Greater Noida,77.21457727383515,28.86680793388268,55.2874773485585
2024-01-21,Greater Noida,77.20698594721961,28.84639058519844,45.10396853837704
2024-01-22,Greater Noida,77.20848988508438,28.84391881137323,41.35998529385433
2024-01-23,Greater Noida,77.21190744484214,28.83709896889325,44.0855177944758
2024-01-24,Greater Noida,77.2306691532343,28.82708276879431,51.87438209574093
2024-01-25,Greater Noida,77.24017339161617,28.82427176586544,41.77017910437732
2024-01-26,Greater Noida,77.23440435505954,28.84224863113394,41.00403996674873
2024-01-27,Greater Noida,77.22542020834605,28.84865705974661,42.58628238908984
2024-01-28,Greater Noida,77.23033940006113,28.84294526984878,40.23335695870644
2024-01-29,Greater Noida,77.21713706799092,28.84867109766234,45.61335157997398
2024-01-30,Greater Noida,77.23545165564946,28.8626646520282,53.1233922923478
2024-01-31,Greater Noida,77.24724605685667,28.87191098885733,46.61539636558015
2024-02-01,Greater Noida,77.24255430033563,28.87250729255653,43.73823248936856
2024-02-02,Greater Noida,77.22542295504472,28.86603792477948,43.54094365542228
2024-02-03,Greater Noida,77.23896167878637,28.87302015791561,37.18404595651671
2024-02-04,Greater Noida,77.23781628033385,28.87695501176983,49.4155488857358
2024-02-05,Greater Noida,77.25019444345358,28.8859069439701,44.61081401493599
2024-02-06,Greater Noida,77.23425016686564,28.89225866198693,44.09760043204688
2024-02-07,Greater Noida,77.2282564166361,28.90275418914012,60.9655378392243
2024-02-08,Greater Noida,77.22830885363328,28.89740183702451,46.49376454182843
2024-02-09,Greater Noida,77.22877865957092,28.91057577768085,41.24104474952408
2024-02-10,Greater Noida,77.22427800485613,28.91255177372778,42.86821201897229
2024-02-11,Greater Noida,77.23050650417962,28.93330438245404,50.74222854598378
2024-02-12,Greater Noida,77.21983029988579,28.92641250427313,45.56635205268882
2024-02-13,Greater Noida,77.21840650503557,28.94377214230479,37.80861010841316
2024-02-14,Greater Noida,77.21960946135269,28.94575125013942,49.59614467287602
2024-02-15,Greater Noida,77.22475384969327,28.93923707010327,
2024-02-16,Greater Noida,77.23186999847417,28.93439821176273,54.36648888108773
2024-02-17,Greater Noida,77.22062357755578,28.93119473868078,50.40024032857324
2024-02-18,Greater Noida,77.20528243584843,28.9354363981448,
2024-02-19,Greater Noida,77.21805920406742,28.94066475302516,51.40508180867556
2024-02-20,Greater Noida,77.22138234418722,28.93492775298577,45.33927755263701
2024-02-21,Greater Noida,77.21389747882165,28.93468420706316,49.2638683756111
2024-02-22,Greater Noida,77.22940899857687,28.95610691064928,47.42366408647237
2024-02-23,Greater Noida,77.2305657449198,28.97338234235029,40.76821672504563
2024-02-24,Greater Noida,77.24235871676044,28.97774557904703,41.78225083841269
2024-02-25,Greater Noida,77.24303390157453,28.97812561382871,50.14980408790581
2024-02-26,Greater Noida,77.26364138082336,28.97932592709589,43.32612333946729
2024-02-27,Greater Noida,77.28119478924779,28.9854611068232,42.98175768379001
2024-02-28,Greater Noida,77.278705147763,28.97523318117121,40.22438710325324
2024-02-29,Greater Noida,77.28842085727254,28.97265941579698,47.11799532796731
2024-03-01,Greater Noida,77.2948746167684,28.95597357505821,55.31262459621573
2024-03-02,Greater Noida,77.30856093234372,28.95996580628426,39.66233542872864
2024-03-03,Greater Noida,77.29891169773792,28.96643776568128,45.12109728336379
2024-03-04,Greater Noida,77.3057722123379,28.96160590105829,52.06110277707715
2024-03-05,Greater Noida,77.3163564572064,28.97734576869119,44.60179304377142
2024-03-06,Greater Noida,77.29876906234217,28.96508811206117,47.26185898124867
2024-03-07,Greater Noida,77.2869364772155,28.95044436325907,39.68803235926561
2024-03-08,Greater Noida,77.26654415543791,28.95268888144467,47.14153548603824
2024-03-09,Greater Noida,77.26385008709346,28.96315986447079,44.06427867497726
2024-03-10,Greater Noida,77.27102550965142,28.97999914138537,49.92864997839931
2024-03-11,Greater Noida,77.28604908017239,28.97541029875668,50.93693025782376
2024-03-12,Greater Noida,77.28679002797658,28.98619710709099,57.94781821009307
2024-03-13,Greater Noida,77.3030761834323,28.98581202239599,47.89816586606788
2024-03-14,Greater Noida,77.28927516885014,28.98408574939658,46.62898158291083
2024-03-15,Greater Noida,77.27224134445659,28.99292234877144,45.97192150788668
2024-03-16,Greater Noida,77.27168586746762,28.99944557755558,43.23416853594656
2024-03-17,Greater Noida,77.27552652195702,28.98368165598574,46.69241921730845
2024-03-18,Greater Noida,77.27519957447608,28.998447059483,43.52299294930485
2024-03-19,Greater Noida,77.25452515347568,29.01224797302447,45.84230488134807
2024-03-20,Greater Noida,77.25363395308055,29.00599234600937,51.5879876780398
2024-03-21,Greater Noida,77.2405892580755,29.00995038134375,39.9672871736018
2024-03-22,Greater Noida,77.2472859835638,29.01489068320658,50.69939280564522
2024-03-23,Greater Noida,77.25095196602477,29.01749742086481,51.58557533669933
2024-03-24,Greater Noida,77.2415531681615,29.01199436932636,44.40965736504461
2024-03-25,Greater Noida,77.23641449898814,29.00527813564698,34.39072550495703
2024-03-26,Greater Noida,77.22582236376924,29.00502259493707,41.96089006452784
2024-03-27,Greater Noida,77.22519557279651,29.01674988512966,51.48497273280555
2024-03-28,Greater Noida,77.23474699600152,29.0221858866756,44.88565968850559
2024-03-29,Greater Noida,77.22488973553817,29.01847974335474,40.00348883852545
2024-03-30,Greater Noida,77.22993020069335,29.02619673046122,42.47612539385892
2024-03-31,Greater Noida,77.22462762450962,28.99771130425492,49.20310013252276
2024-04-01,Greater Noida,77.216698896187,29.00919896125865,48.97
2024-04-02,Greater Noida,77.21562859258745,28.99180182347087,47.7336678410069
2024-04-03,Greater Noida,77.20527616936326,28.98817741405684,43.16587794092656
2024-04-04,Greater Noida,77.19973967630979,28.97698071511057,43.04120925478089
2024-04-05,Greater Noida,77.1877608973839,28.96403390035336,40.38794907750749
2024-04-06,Greater Noida,77.20740814871306,28.97564216822715,53.07687844734721
2024-04-07,Greater Noida,77.20776078423278,28.97096515621403,43.3883976539433
2024-04-08,Greater Noida,77.20076352915285,28.97443019503134,51.08579260412749
2024-04-09,Greater Noida,77.20290332826019,28.97396098924255,52.60658025961226
2024-04-10,Greater Noida,77.2017800477633,28.97873139751477,49.9915544907398
2024-04-11,Greater Noida,77.19957035176796,28.97949961642538,42.84189843640976
2024-04-12,Greater Noida,77.2057120187684,28.96666969418349,47.01865045168304
2024-04-13,Greater Noida,77.21328709586886,28.97663236237797,44.87902196804542
2024-04-14,Greater Noida,77.20798208439275,28.97169479654635,40.48149069634936
2024-04-15,Greater Noida,77.20222390198632,28.95612897755976,Nan
2024-04-16,Greater Noida,77.1994733850148,28.95184782595009,39.10480104420099
2024-04-17,Greater Noida,77.17645417336745,28.96685542385644,50.93839694230782
2024-04-18,Greater Noida,77.16130226274545,28.97535764127757,42.67691351350803
2024-04-19,Greater Noida,77.1749710054199,28.97187111993349,46.0057982793642
2024-04-20,Greater Noida,77.1914206825549,28.96837854289031,46.41643935773071
2024-04-21,Greater Noida,77.18893032215935,28.96516219237814,43.70547513147962
2024-04-22,Greater Noida,77.1946958917899,28.98592967221374,47.93346900737637
2024-04-23,Greater Noida,77.19780839333534,28.98974902673606,42.62548171688738
2024-04-24,Greater Noida,77.22859720141989,28.99404944320797,49.35648648728622
2024-04-25,Greater Noida,77.23979295053424,29.00435227774829,38.27010159876626
2024-04-26,Greater Noida,77.23851377461943,29.00674016933856,45.63189789773206
2024-04-27,Greater Noida,77.22895837021343,29.00414974788035,54.69464499529143
2024-04-28,Greater Noida,77.21289390701085,29.0021862493895,39.99834337697213
2024-04-29,Greater Noida,77.21492854336952,29.00147023679536,41.61127514737574
2024-04-30,Greater Noida,77.20736503591668,29.00109801443026,47.56953924829457
2024-05-01,Greater Noida,77.1931424988207,29.00837430986663,45.89790890969799
2024-05-02,Greater Noida,77.18667676997828,29.0088937687247,46.7531504963678
2024-05-03,Greater Noida,77.17586128994213,29.01622016949685,47.44593565073832
2024-05-04,Greater Noida,77.19273270629286,29.01541300369577,48.17360734280885
2024-05-05,Greater Noida,77.20154910386236,29.01619935559893,50.54849920978111
2024-05-06,Greater Noida,77.20146937744919,28.99621734875361,47.04909328464257
2024-05-07,Greater Noida,77.21626881883809,29.00538062550064,43.79371172690729
2024-05-08,Greater Noida,77.21704250191456,29.00884551025961,48.36286850601365
2024-05-09,Greater Noida,77.20842965990128,29.01882561135821,54.49940967447608
2024-05-10,Greater Noida,77.22366090067398,28.98986305757628,44.33683126808713
2024-05-11,Greater Noida,77.22905000111082,29.01074680462408,40.12735347664679
2024-05-12,Greater Noida,77.21867753956757,29.00935090834253,50.53540334643486
2024-05-13,Greater Noida,77.21677415278673,29.02043273650991,44.39809418023201
2024-05-14,Greater Noida,77.20801797025288,29.01003367723865,34.13665226992982
2024-05-15,Greater Noida,77.19418997294324,29.01616141628928,49.23710838575211
2024-05-16,Greater Noida,77.20345174841854,29.00562726065754,42.32335907023039
2024-05-17,Greater Noida,77.22254591482326,28.99938957105059,44.5473335884792
2024-05-18,Greater Noida,77.20856023908506,29.01852988458925,46.65990165284507
2024-05-19,Greater Noida,77.21418993145197,29.01662306058161,Nan
2024-05-20,Greater Noida,77.20768350576074,29.01879738931341,48.5472590856952
2024-05-21,Greater Noida,77.2028122519231,29.0274980666203,42.82256814715078
2024-05-22,Greater Noida,77.19688831268071,29.03245488550003,47.56552899088042
2024-05-23,Greater Noida,77.18824840498391,29.03395907455146,43.70226661208041
2024-05-24,Greater Noida,77.18873362126337,29.03760868457612,48.69405240443752
2024-05-25,Greater Noida,77.18042412009925,29.06164284042851,48.07683742006527
2024-05-26,Greater Noida,77.18312868835704,29.06106665245817,40.32280648977702
2024-05-27,Greater Noida,77.18262630726255,29.06307764292532,50.42991058087516
2024-05-28,Greater Noida,77.1802368267939,29.0735841868854,42.32018277442976
2024-05-29,Greater Noida,77.17116119017348,29.08463944621498,49.04028899140573
2024-05-30,Greater Noida,77.16539347686779,29.09650974927058,46.8364365670067
2024-05-31,Greater Noida,77.17294738912605,29.10289705149087,Nan
2024-06-01,Greater Noida,77.1779565610023,29.09146700236357,43.88267008814074
2024-06-02,Greater Noida,77.16818100855431,29.10780131768658,Nan
2024-06-03,Greater Noida,77.1691743316086,29.0963378637564,44.90290197056134
2024-06-04,Greater Noida,77.17668820284233,29.09936421840878,43.48410108582862
2024-06-05,Greater Noida,77.15999415003111,29.09182145990859,48.99970950971025
2024-06-06,Greater Noida,77.16542775195491,29.09118007644265,36.91844695781706
2024-06-07,Greater Noida,77.15880151436545,29.0944677005457,39.73158790426823
2024-06-08,Greater Noida,77.16450750105138,29.0976812727002,39.66098539210404
2024-06-09,Greater Noida,77.15687490948595,29.10190048024255,49.75153795986788
2024-06-10,Greater Noida,77.1388260884793,29.11803759293313,53.55306686290962
2024-06-11,Greater Noida,77.12255066410047,29.12257293594828,44.47775390731264
2024-06-12,Greater Noida,77.1230315135671,29.12013136959537,44.15589138404994
2024-06-13,Greater Noida,77.12562873858431,29.12977224127825,Nan
2024-06-14,Greater Noida,77.11658557233326,29.1416669461675,Nan
2024-06-15,Greater Noida,77.12297149692104,29.12939086801613,40.36323432904713
2024-06-16,Greater Noida,77.10635629629834,29.13536486871463,46.19184491367393
2024-06-17,Greater Noida,77.10569549831187,29.14237659613774,Nan
2024-06-18,Greater Noida,77.09358533631425,29.13940096110414,47.50547084969923
2024-06-19,Greater Noida,77.08706697523623,29.15315802923725,45.94790808299372
2024-06-20,Greater Noida,77.08754096194939,29.15165747336693,50.0052304628357
2024-06-21,Greater Noida,77.07893682829655,29.15291323790164,31.48383853500381
2024-06-22,Greater Noida,77.07509127285425,29.1511825196588,48.38937659765454
2024-06-23,Greater Noida,77.0851542009464,29.15133831013462,41.72962158436288
2024-06-24,Greater Noida,77.07938528225117,29.14037555926567,35.84683551571771
2024-06-25,Greater Noida,77.08774220337182,29.12597505043972,47.5560129976249
2024-06-26,Greater Noida,77.07644513482525,29.14192010107197,51.86829272581479
2024-06-27,Greater Noida,77.08174317660439,29.13345048758879,44.31275742686154
2024-06-28,Greater Noida,77.09615886281098,29.12353656409423,49.76437273601469
2024-06-29,Greater Noida,77.0714424178097,29.10200266295819,53.06139128994323
2024-06-30,Greater Noida,77.063473465255,29.0956130454813,51.57457226792024
2024-07-01,Greater Noida,77.0692441865268,29.08238214754722,53.19982264685697
2024-07-02,Greater Noida,77.06721373266637,29.09880229914858,48.71063745535946
2024-07-03,Greater Noida,77.07092519140008,29.10890047004201,45.37716819450797
2024-07-04,Greater Noida,77.06488533953292,29.10201896659024,36.99017094051416
2024-07-05,Greater Noida,77.06575123740765,29.12454332464368,43.76968755935026
2024-07-06,Greater Noida,77.06419446505373,29.13436097951359,40.78376702341904
2024-07-07,Greater Noida,77.07587228567033,29.13111266567851,55.85471358748907
2024-07-08,Greater Noida,77.07841649410335,29.10611860852977,44.12057093783832
2024-07-09,Greater Noida,77.0817925207241,29.12902803425568,45.61602403392243
2024-07-10,Greater Noida,77.07767375106287,29.11513230958804,47.75742688020234
2024-07-11,Greater Noida,77.07279768882215,29.09867832211848,45.21801223186227
2024-07-12,Greater Noida,77.06847210694396,29.10890402643857,53.47525520215376
2024-07-13,Greater Noida,77.07241662836773,29.13330155050196,41.88675319132774
2024-07-14,Greater Noida,77.06820678355953,29.14714427868707,45.97303727618621
2024-07-15,Greater Noida,77.0711045321285,29.15278336988759,41.28764707150976
2024-07-16,Greater Noida,77.09185854011496,29.15873091330424,38.39988744389648
2024-07-17,Greater Noida,77.10056978714927,29.16726506889205,41.94115454547357
2024-07-18,Greater Noida,77.09730955182759,29.17485435478991,44.81481601475794
2024-07-19,Greater Noida,77.10932169104923,29.17766626902961,42.8534888774137
2024-07-20,Greater Noida,77.10524093731901,29.17870828006913,41.53789510063072
2024-07-21,Greater Noida,77.08485969196724,29.17808234879013,37.96841268164083
2024-07-22,Greater Noida,77.07477882885806,29.17054270290146,44.58447213685653
2024-07-23,Greater Noida,77.0560709096478,29.1677359521328,37.47639812984499
2024-07-24,Greater Noida,77.05255577480739,29.15080638399084,48.80027981844801
2024-07-25,Greater Noida,77.05273995859929,29.1498229877229,45.41219876467252
2024-07-26,Greater Noida,77.06950433172204,29.13993707665139,37.71224250267535
2024-07-27,Greater Noida,77.07277360545967,29.12890118347923,43.45395461475069
2024-07-28,Greater Noida,77.07058260017159,29.13070012499076,41.23921797204709
2024-07-29,Greater Noida,77.07887665598342,29.14462014785421,46.59587255209591
2024-07-30,Greater Noida,77.05676530289334,29.15380331391423,51.70225223011573
2024-07-31,Greater Noida,77.05912144847443,29.138098307878,35.62413765177128
2024-08-01,Greater Noida,77.0668301004133,29.12820202651229,45.57513039573709
2024-08-02,Greater Noida,77.0520442379555,29.13760973839218,44.1993360221668
2024-08-03,Greater Noida,77.06348177838757,29.1277848644568,48.35670038225233
2024-08-04,Greater Noida,77.06686674246252,29.12553853295683,46.06598314118845
2024-08-05,Greater Noida,77.06271386332351,29.13103905394708,41.24015334130591
2024-08-06,Greater Noida,77.06904168198457,29.12135560939844,43.40473032166691
2024-08-07,Greater Noida,77.09174861056262,29.12240936445989,41.01987071598256
2024-08-08,Greater Noida,77.0935672731132,29.10906910951072,50.38003569299299
2024-08-09,Greater Noida,77.0960494789762,29.1030554330712,45.10655824335971
2024-08-10,Greater Noida,77.0914558699808,29.10625325241263,Nan
2024-08-11,Greater Noida,77.08295742628616,29.09032331507731,44.69669593092689
2024-08-12,Greater Noida,77.09126078445159,29.09472806245691,Nan
2024-08-13,Greater Noida,77.0826999461925,29.09453168446765,37.43142803693586
2024-08-14,Greater Noida,77.0834156085647,29.10005658401182,35.98430161872027
2024-08-15,Greater Noida,77.07863903409705,29.10229572535246,37.07932028497255
2024-08-16,Greater Noida,77.08342883235451,29.1159371296522,Nan
2024-08-17,Greater Noida,77.08676545340738,29.11718937467868,Nan
2024-08-18,Greater Noida,77.09714085284996,29.11289531926743,37.09404648983934
2024-08-19,Greater Noida,77.09204068886142,29.11411829429776,49.47519157038057
2024-08-20,Greater Noida,77.08934193950849,29.11955127458812,42.5846947415828
2024-08-21,Greater Noida,77.07955430235066,29.12003987529138,45.73396505992775
2024-08-22,Greater Noida,77.07511136974989,29.12044579220341,53.06110314127712
2024-08-23,Greater Noida,77.07888437468034,29.11342587532534,49.48419657932766
2024-08-24,Greater Noida,77.08645426084679,29.10679686614984,Nan
2024-08-25,Greater Noida,77.07723260760503,29.09277081343184,Nan
2024-08-26,Greater Noida,77.08592866680608,29.11026658086371,34.24092299335348
2024-08-27,Greater Noida,77.09948504539413,29.0978279485098,41.4042334037879
2024-08-28,Greater Noida,77.10361939442636,29.09089889653184,43.94434880586153
2024-08-29,Greater Noida,77.12238735255194,29.08371482387614,40.06410236424408
2024-08-30,Greater Noida,77.11464946056091,29.09266406764559,Nan
